time,weathercode,temperature_2m_max,temperature_2m_min,temperature_2m_mean,apparent_temperature_max,apparent_temperature_min,apparent_temperature_mean,shortwave_radiation_sum,rain_sum,precipitation_hours,windspeed_10m_max,windgusts_10m_max,winddirection_10m_dominant,et0_fao_evapotranspiration,latitude,longitude,elevation,city,year,month
6/8/23,0.660427204,-0.087492593,0.6663923029983944,0.3503950640322476,0.001649449,0.8352912066770658,0.6479376767808033,-0.572827619,12.9,2.0369064575219173,0.2795815756383061,0.5430932860086691,0.5179417469292931,-0.67046535,-0.284524974,-0.743807318,-0.317548395,Athurugiriya,2023,6
6/9/23,0.7550524513009067,0.011019345,0.865898852,0.5171210439528129,0.1757182432371486,0.7252775177070723,0.6479376767808033,-0.133286808,7.3,1.040482185394108,0.6510750590364974,0.4740179354650365,0.441797141,-0.349486021,-0.284524974,-0.743807318,-0.317548395,Athurugiriya,2023,6
6/10/23,0.660427204,0.2572991902272975,0.8160222147143352,0.7394223505135673,0.1060907257176586,0.9819761253037228,0.8099058950067334,0.2571288543183321,6.4,1.040482185394108,0.8125939648617979,0.7601872448600874,0.5505751493152099,0.043972512,-0.284524974,-0.743807318,-0.317548395,Athurugiriya,2023,6
6/11/23,0.660427204,-0.136748562,0.7661455774756877,0.5171210439528129,0.2801595195163811,1.0919898142737166,0.8908900041196999,-0.96841435,4.9,1.325174834573482,-0.318038376,0.2963956054956941,0.4526749421574595,-0.93967382,-0.284524974,-0.743807318,-0.317548395,Athurugiriya,2023,6
6/12/23,0.7550524513009067,-0.038236624,0.6165156657597468,0.2392444107518714,0.8023659009125488,0.8719624363337295,0.6884297313372866,-0.557314414,18.8,1.7522138083425431,-0.221127032,0.3358672343777706,0.3874081373856261,-0.742944553,-0.284524974,-0.743807318,-0.317548395,Athurugiriya,2023,6
6/13/23,0.7550524513009067,-0.038236624,0.417009117,0.2392444107518714,0.2801595195163811,0.5785925990804138,0.5669535676678382,-0.368570419,17,2.0369064575219173,0.004999436,0.8687342242857965,0.4853083445433763,-0.546215287,-0.284524974,-0.743807318,-0.317548395,Athurugiriya,2023,6
6/14/23,0.660427204,-0.087492593,0.8160222147143352,0.5171210439528129,0.001649449,1.0919898142737166,0.8099058950067334,-0.945144542,7.3,1.4675211591631692,0.1342145603955353,0.5134895643471123,0.4309193405668484,-0.929319648,-0.284524974,-0.743807318,-0.317548395,Athurugiriya,2023,6
6/15/23,0.1873009676962863,0.208043221,1.1152820381462152,0.7394223505135673,0.8023659009125488,1.4220308811836957,1.1743343860150768,-0.707275397,3.2,1.182828509983795,-0.479557282,-0.236471384,0.3656525357950149,-0.72223621,-0.284524974,-0.743807318,-0.317548395,Athurugiriya,2023,6
6/16/23,0.2819262149637231,0.4543230661683237,1.1152820381462152,0.9617236570743196,0.6282971071138262,1.202003503,1.012366167789147,0.1511219527046883,5.6,2.1792527821116043,0.7964420742792676,0.6911118943164541,0.5614529501105154,0.064680856,-0.284524974,-0.743807318,-0.317548395,Athurugiriya,2023,6
6/17/23,0.1873009676962863,0.060275314,1.1152820381462152,0.5171210439528129,0.4194145545553587,1.165332273587045,0.8099058950067334,-0.989098623,5,2.0369064575219173,0.1180626698130056,0.2963956054956941,0.5070639461339875,-0.970736336,-0.284524974,-0.743807318,-0.317548395,Athurugiriya,2023,6
6/8/23,0.1873009676962863,0.8483708180503781,-0.829906814,-0.094207549,0.071276967,-1.181626424,-0.728792178,0.9397098793427696,0.3,-1.094712683,-0.124215689,0.8983379459473533,0.8442757707884606,1.2139939388901635,-0.035882649,1.701581243,2.030752103,Badulla,2023,6
6/9/23,0.1873009676962863,1.143906631961919,-1.029413363,0.016943104,0.1757182432371486,-1.328311343,-0.809776287,1.027618041656523,0.3,-1.094712683,0.1826702321431256,0.7601872448600874,0.7898867668119327,1.5142649244775643,-0.035882649,1.701581243,2.030752103,Badulla,2023,6
6/10/23,0.3765514622311598,1.0946506629766617,-1.328673187,-0.149782876,0.036463208,-1.65835241,-0.890760396,1.061229986070605,1,-1.094712683,-0.059608127,0.8983379459473533,0.8442757707884606,1.3796606895590744,-0.035882649,1.701581243,2.030752103,Badulla,2023,6
6/11/23,0.1873009676962863,0.7991148490651206,-1.378549824,-0.205358202,0.1409044844774036,-1.731694869,-0.931252451,0.8518017170290165,0.4,-0.952366359,-0.366494048,0.1878486260699856,0.8551535715837663,1.1208063916389015,-0.035882649,1.701581243,2.030752103,Badulla,2023,6
6/12/23,0.1873009676962863,0.8976267870356355,-1.278796549,-0.038632222,0.001649449,-1.511667491,-0.728792178,0.6630577214730166,0.2,-0.952366359,-0.124215689,0.2273202549520615,0.8442757707884606,1.0483271882212528,-0.035882649,1.701581243,2.030752103,Badulla,2023,6
6/13/23,0.660427204,1.0453946939914045,-1.129166638,-0.205358202,0.2105320019968911,-1.291640113,-0.850268342,0.2028326364186607,2.1,-0.66767371,-0.011152455,0.5430932860086691,0.8225201691978494,0.6755769992162042,-0.035882649,1.701581243,2.030752103,Badulla,2023,6
6/14/23,0.3765514622311598,0.7991148490651206,-0.73015354,0.1280937574714952,-0.207233103,-1.034941506,-0.647808069,0.3036684696609073,2.6,-0.382981061,0.037303217,0.8292625954037207,0.9204203763555996,0.8619520937187285,-0.035882649,1.701581243,2.030752103,Badulla,2023,6
6/15/23,0.3765514622311598,1.143906631961919,-0.780030177,0.072518431,-0.102791827,-1.364982573,-0.769284233,-1.113204264,2.6,-0.66767371,-0.544164844,-0.552244415,0.8986647747649886,-0.038860863,-0.035882649,1.701581243,2.030752103,Badulla,2023,6
6/16/23,0.1873009676962863,1.193162600947175,-0.879783451,0.2392444107518714,0.036463208,-1.474996262,-0.809776287,0.5130967387024957,0.4,-0.66767371,-0.124215689,0.3358672343777706,0.8769091731743774,1.400369033392688,-0.035882649,1.701581243,2.030752103,Badulla,2023,6
6/17/23,-2.13101759,1.143906631961919,-0.780030177,0.016943104,-0.137605586,-1.401653802,-1.01223656,0.08131253,0,-1.237059008,0.1019107792304753,0.3358672343777706,0.8333979699931551,1.0586813601380602,-0.035882649,1.701581243,2.030752103,Badulla,2023,6
6/8/23,0.660427204,-0.186004531,0.7661455774756877,0.3503950640322476,-0.137605586,1.0186473549603878,0.6074456222243201,-0.69693326,15.8,2.0369064575219173,0.3118853568033661,0.5430932860086691,0.7898867668119327,-0.763652897,-0.781818949,-0.540014749,-0.381422168,Bentota,2023,6
6/9/23,0.7550524513009067,-0.087492593,0.865898852,0.4615457173126258,-0.102791827,0.945304896,0.5669535676678382,-0.218609436,9.5,2.0369064575219173,0.5703156061238471,0.5134895643471123,0.6811087588588769,-0.380548536,-0.781818949,-0.540014749,-0.381422168,Bentota,2023,6
6/10/23,0.660427204,0.2572991902272975,1.0654054009075695,0.7949976771537544,0.036463208,1.128661044,0.8908900041196999,0.3114250722180026,7.8,1.6098674837528562,0.844897746,0.7897909665216442,0.8225201691978494,0.012909997,-0.781818949,-0.540014749,-0.381422168,Bentota,2023,6
6/11/23,0.7550524513009067,-0.2352605,0.6663923029983944,0.4615457173126258,0.001649449,1.0553185846170514,0.8503979495632167,-0.69693326,8.4,1.7522138083425431,-0.253430814,0.4345463065829607,0.8007645676072384,-0.732590381,-0.781818949,-0.540014749,-0.381422168,Bentota,2023,6
6/12/23,0.7550524513009067,-0.2352605,0.7661455774756877,0.2948197373920605,0.3846007957956137,1.0919898142737166,0.7694138404502502,-0.515945867,20.5,2.0369064575219173,-0.011152455,0.4740179354650365,0.7354977628354048,-0.67046535,-0.781818949,-0.540014749,-0.381422168,Bentota,2023,6
6/13/23,0.7550524513009067,0.060275314,0.5666390285211009,0.2948197373920605,0.2801595195163811,0.761948747,0.5669535676678382,-0.347886145,18.1,2.1792527821116043,0.1019107792304753,0.8687342242857965,0.7898867668119327,-0.546215287,-0.781818949,-0.540014749,-0.381422168,Bentota,2023,6
6/14/23,0.7550524513009067,-0.2352605,1.015528763668922,0.5171210439528129,-0.207233103,1.0553185846170514,0.8099058950067334,-1.358830012,8.9,1.6098674837528562,0.3441891379684261,0.7207156159780116,0.8225201691978494,-1.239944805,-0.781818949,-0.540014749,-0.381422168,Bentota,2023,6
6/15/23,0.2819262149637231,-0.038236624,1.1152820381462152,0.6838470238733781,0.5238558308345936,1.4220308811836957,1.0933502769021133,-0.810696764,3.9,1.182828509983795,-0.382645938,-0.058849054,0.7137421612447936,-0.794715413,-0.781818949,-0.540014749,-0.381422168,Bentota,2023,6
6/16/23,0.3765514622311598,0.1587872522567843,1.2150353126235085,0.9061483304341306,0.2453457607566361,1.2386747329003736,0.9718741132326636,-0.066062919,6,2.1792527821116043,0.9256571989395082,0.6121686365523024,0.757253364,-0.18381927,-0.781818949,-0.540014749,-0.381422168,Bentota,2023,6
6/17/23,0.2819262149637231,-0.087492593,1.1651586753848628,0.5171210439528129,0.3149732782761261,1.202003503,0.7289217858937698,-0.908947063,3.4,2.0369064575219173,0.3603410285509564,0.3654709560393274,0.7463755636307103,-0.918965476,-0.781818949,-0.540014749,-0.381422168,Bentota,2023,6
6/8/23,0.660427204,0.011019345,0.7661455774756877,0.4615457173126258,0.071276967,0.9819761253037228,0.7694138404502502,-0.69693326,15.8,2.0369064575219173,0.3118853568033661,0.5430932860086691,0.7898867668119327,-0.72223621,-0.160203811,-0.743807318,-0.358878484,Colombo,2023,6
6/9/23,0.7550524513009067,0.1587872522567843,0.9656521264302744,0.5726963705930019,0.2801595195163811,0.7986199770204009,0.7289217858937698,-0.218609436,9.5,2.0369064575219173,0.5703156061238471,0.5134895643471123,0.6811087588588769,-0.380548536,-0.160203811,-0.743807318,-0.358878484,Colombo,2023,6
6/10/23,0.660427204,0.3558111281978106,0.9157754891916284,0.8505730037939434,0.1757182432371486,1.202003503,1.012366167789147,0.3114250722180026,7.8,1.6098674837528562,0.844897746,0.7897909665216442,0.8225201691978494,0.054326684,-0.160203811,-0.743807318,-0.358878484,Colombo,2023,6
6/11/23,0.7550524513009067,-0.038236624,0.9157754891916284,0.6282716972331891,0.3149732782761261,1.3486884218703672,1.052858222,-0.69693326,8.4,1.7522138083425431,-0.253430814,0.4345463065829607,0.8007645676072384,-0.742944553,-0.160203811,-0.743807318,-0.358878484,Colombo,2023,6
6/12/23,0.7550524513009067,0.060275314,0.7162689402370401,0.3503950640322476,0.7327383833930587,1.0186473549603878,0.8503979495632167,-0.515945867,20.5,2.0369064575219173,-0.011152455,0.4740179354650365,0.7354977628354048,-0.691173694,-0.160203811,-0.743807318,-0.358878484,Colombo,2023,6
6/13/23,0.7550524513009067,0.1095312832715269,0.6165156657597468,0.4059703906724367,0.4194145545553587,0.761948747,0.7289217858937698,-0.347886145,18.1,2.1792527821116043,0.1019107792304753,0.8687342242857965,0.7898867668119327,-0.494444427,-0.160203811,-0.743807318,-0.358878484,Colombo,2023,6
6/14/23,0.7550524513009067,-0.038236624,0.9656521264302744,0.6282716972331891,0.071276967,1.202003503,0.9718741132326636,-1.358830012,8.9,1.6098674837528562,0.3441891379684261,0.7207156159780116,0.8225201691978494,-1.20888229,-0.160203811,-0.743807318,-0.358878484,Colombo,2023,6
6/15/23,0.2819262149637231,0.2572991902272975,1.2150353126235085,0.8505730037939434,0.8371796596722937,1.605387029467019,1.3363026042410098,-0.810696764,3.9,1.182828509983795,-0.382645938,-0.058849054,0.7137421612447936,-0.805069585,-0.160203811,-0.743807318,-0.358878484,Colombo,2023,6
6/16/23,0.3765514622311598,0.4543230661683237,1.2649119498621562,1.0728743103546958,0.5238558308345936,1.2386747329003736,1.052858222,-0.066062919,6,2.1792527821116043,0.9256571989395082,0.6121686365523024,0.757253364,-0.028506691,-0.160203811,-0.743807318,-0.358878484,Colombo,2023,6
6/17/23,0.2819262149637231,0.1587872522567843,1.1651586753848628,0.6282716972331891,0.3846007957956137,1.2386747329003736,0.8503979495632167,-0.908947063,3.4,2.0369064575219173,0.3603410285509564,0.3654709560393274,0.7463755636307103,-0.867194616,-0.160203811,-0.743807318,-0.358878484,Colombo,2023,6
6/8/23,0.3765514622311598,0.1587872522567843,1.2150353126235085,0.9061483304341306,0.3846007957956137,0.9819761253037228,0.6884297313372866,0.5673929566021672,5.2,2.1792527821116043,1.4748214787455296,1.253582605886037,0.9748093803321276,0.2199934348766992,-1.279112924,-0.132433686,-0.362635764,Galle,2023,6
6/9/23,0.2819262149637231,0.3558111281978106,0.7162689402370401,0.9617236570743196,0.5238558308345936,0.5785925990804138,0.6884297313372866,0.487241397,4.9,1.894560133,1.6363403845708302,1.2239788842244808,0.8986647747649886,0.1578684033758581,-1.279112924,-0.132433686,-0.362635764,Galle,2023,6
6/10/23,0.2819262149637231,0.8976267870356355,0.9656521264302744,1.0728743103546958,0.5238558308345936,0.8719624363337295,0.8908900041196999,0.756136952,3,1.040482185394108,1.555580932,1.253582605886037,0.9421759779462108,0.4581393889632588,-1.279112924,-0.132433686,-0.362635764,Galle,2023,6
6/11/23,0.2819262149637231,0.011019345,1.3147885871008036,0.6838470238733781,0.3149732782761261,1.2753459625570385,0.7289217858937698,0.3915766319746606,6.2,1.7522138083425431,0.8772015271919179,0.9378095748294292,0.96393158,-0.287360989,-1.279112924,-0.132433686,-0.362635764,Galle,2023,6
6/12/23,0.660427204,0.3558111281978106,0.9157754891916284,0.5726963705930019,0.1757182432371486,0.6519350583937438,0.6074456222243201,0.4458728498743319,8.2,1.7522138083425431,1.5878847128232398,1.579223544163164,1.0618317866945723,-0.163110926,-1.279112924,-0.132433686,-0.362635764,Galle,2023,6
6/13/23,0.660427204,0.405067097,0.9656521264302744,0.6838470238733781,0.4542283133151036,0.6152638287370789,0.4859694585548732,0.3708923584890711,8,1.6098674837528562,1.2163912294250492,1.579223544163164,1.018320584,-0.059569207,-1.279112924,-0.132433686,-0.362635764,Galle,2023,6
6/14/23,0.7550524513009067,0.405067097,1.1651586753848628,1.0728743103546958,-0.242046862,0.8719624363337295,0.7289217858937698,0.089069132,5.6,0.4710968870353597,1.862466852726252,1.579223544163164,1.1162207906711004,0.0853892,-1.279112924,-0.132433686,-0.362635764,Galle,2023,6
6/15/23,0.1873009676962863,0.5528350041388369,1.6639250477713312,1.4063262701958263,0.6282971071138262,1.4953733404970242,1.2553184951280434,-0.316859735,2.2,0.6134432116250468,1.2486950105901091,0.8292625954037207,1.018320584,-0.100985895,-1.279112924,-0.132433686,-0.362635764,Galle,2023,6
6/16/23,0.1873009676962863,0.6513469421093517,1.6140484105326838,1.3507509435556373,-0.033164309,1.0186473549603878,0.8099058950067334,-0.110017,3,1.6098674837528562,1.862466852726252,1.5002802863990123,0.9204203763555996,0.2821184663775413,-1.279112924,-0.132433686,-0.362635764,Galle,2023,6
6/17/23,0.2819262149637231,0.1587872522567843,1.414541861578097,0.9061483304341306,-0.102791827,0.9819761253037228,0.526461513,-0.174655355,6.2,2.1792527821116043,1.7009479469009507,1.293054234768113,0.9204203763555996,-0.235590129,-1.279112924,-0.132433686,-0.362635764,Galle,2023,6
6/8/23,0.660427204,0.1095312832715269,0.6165156657597468,0.3503950640322476,0.4194145545553587,0.8719624363337295,0.6884297313372866,-0.572827619,12.9,2.0369064575219173,0.2795815756383061,0.5430932860086691,0.5179417469292931,-0.649757006,-0.035882649,-0.540014749,-0.362635764,Gampaha,2023,6
6/9/23,0.7550524513009067,0.2572991902272975,0.7162689402370401,0.4059703906724367,0.5238558308345936,0.7986199770204009,0.5669535676678382,-0.133286808,7.3,1.040482185394108,0.6510750590364974,0.4740179354650365,0.441797141,-0.411611052,-0.035882649,-0.540014749,-0.362635764,Gampaha,2023,6
6/10/23,0.660427204,0.4543230661683237,0.8160222147143352,0.7394223505135673,0.2105320019968911,1.0553185846170514,0.8099058950067334,0.2571288543183321,6.4,1.040482185394108,0.8125939648617979,0.7601872448600874,0.5505751493152099,0.03361834,-0.035882649,-0.540014749,-0.362635764,Gampaha,2023,6
6/11/23,0.660427204,-0.087492593,0.8160222147143352,0.5171210439528129,0.4194145545553587,1.165332273587045,0.8908900041196999,-0.96841435,4.9,1.325174834573482,-0.318038376,0.2963956054956941,0.4526749421574595,-0.918965476,-0.035882649,-0.540014749,-0.362635764,Gampaha,2023,6
6/12/23,0.7550524513009067,0.1587872522567843,0.6165156657597468,0.2392444107518714,0.7675521421528038,0.945304896,0.6884297313372866,-0.557314414,18.8,1.7522138083425431,-0.221127032,0.3358672343777706,0.3874081373856261,-0.711882038,-0.035882649,-0.540014749,-0.362635764,Gampaha,2023,6
6/13/23,0.7550524513009067,0.3065551592125531,0.4668857540438059,0.2392444107518714,0.5934833483540812,0.6886062880504074,0.6074456222243201,-0.368570419,17,2.0369064575219173,0.004999436,0.8687342242857965,0.4853083445433763,-0.515152771,-0.035882649,-0.540014749,-0.362635764,Gampaha,2023,6
6/14/23,0.660427204,-0.038236624,0.8160222147143352,0.5171210439528129,0.1060907257176586,1.0919898142737166,0.8503979495632167,-0.945144542,7.3,1.4675211591631692,0.1342145603955353,0.5134895643471123,0.4309193405668484,-0.918965476,-0.035882649,-0.540014749,-0.362635764,Gampaha,2023,6
6/15/23,0.1873009676962863,0.208043221,0.9157754891916284,0.7394223505135673,0.7675521421528038,1.312017192213702,1.1338423314585966,-0.707275397,3.2,1.182828509983795,-0.479557282,-0.236471384,0.3656525357950149,-0.680819522,-0.035882649,-0.540014749,-0.362635764,Gampaha,2023,6
6/16/23,0.2819262149637231,0.5035790351535812,1.0654054009075695,0.9061483304341306,0.6282971071138262,1.0919898142737166,0.9718741132326636,0.1511219527046883,5.6,2.1792527821116043,0.7964420742792676,0.6911118943164541,0.5614529501105154,0.075035028,-0.035882649,-0.540014749,-0.362635764,Gampaha,2023,6
6/17/23,0.1873009676962863,0.208043221,0.9157754891916284,0.4615457173126258,0.6631108658735712,1.0553185846170514,0.7289217858937698,-0.989098623,5,2.0369064575219173,0.1180626698130056,0.2963956054956941,0.5070639461339875,-0.960382164,-0.035882649,-0.540014749,-0.362635764,Gampaha,2023,6
6/8/23,0.1873009676962863,1.4394424458734605,1.3147885871008036,1.4063262701958263,0.2453457607566361,0.6886062880504074,0.4859694585548732,0.7716501572723584,0.4,-1.094712683,2.120897102046732,1.8949965752197724,0.8225201691978494,1.6281608155624407,-1.154782313,1.9053697368770115,-0.373907607,Hambantota,2023,6
6/9/23,0.1873009676962863,1.3409305079029454,1.1651586753848628,1.2951756169154502,0.071276967,0.6152638287370789,0.3240012403289417,0.7276960761154823,0.2,-1.094712683,2.524694366609983,2.0035435546454816,0.7790089660166272,1.555681612144792,-1.154782313,1.9053697368770115,-0.373907607,Hambantota,2023,6
6/10/23,-2.13101759,1.7842342287702555,1.1152820381462152,1.6286275767565788,0.3846007957956137,0.6519350583937438,0.6884297313372866,0.9888350288710432,0,-1.237059008,2.023985758551552,1.7568458741325066,0.7790089660166272,1.9698484888170693,-1.154782313,1.9053697368770115,-0.373907607,Hambantota,2023,6
6/11/23,0.1873009676962863,1.6364663218144866,1.414541861578097,1.5174769234762024,0.4890420720748487,0.9819761253037228,0.6884297313372866,0.8207753068006327,0.3,-1.094712683,2.088593320881672,1.8259212246761392,0.8116423684025439,1.7006400189800883,-1.154782313,1.9053697368770115,-0.373907607,Hambantota,2023,6
6/12/23,0.1873009676962863,1.4886984148587143,1.2649119498621562,1.4063262701958263,0.3149732782761261,0.8352912066770658,0.6074456222243201,0.6423734479874271,0.4,-1.094712683,2.137048992629262,1.8949965752197724,0.8551535715837663,1.5039107525607576,-1.154782313,1.9053697368770115,-0.373907607,Hambantota,2023,6
6/13/23,0.1873009676962863,1.5872103528292292,1.2150353126235085,1.3507509435556373,0.2801595195163811,0.6886062880504074,0.4859694585548732,0.5415376147451805,0.6,-0.810020034,2.2662641172895026,2.033147276307038,0.8333979699931551,1.4624940648935298,-1.154782313,1.9053697368770115,-0.373907607,Hambantota,2023,6
6/14/23,0.1873009676962863,1.4886984148587143,1.3646652243394497,1.6842029033967678,-0.033164309,0.6886062880504074,0.6074456222243201,0.5027546019597015,0.1,-1.094712683,2.5085424760274533,2.072618905189114,0.9095425755602942,1.86630677,-1.154782313,1.9053697368770115,-0.373907607,Hambantota,2023,6
6/15/23,0.2819262149637231,1.3409305079029454,1.564171773294038,1.5174769234762024,0.071276967,1.128661044,0.6884297313372866,-1.226967768,0.7,-0.952366359,1.3940620258328795,0.8983379459473533,0.8442757707884606,0.3649518417119958,-1.154782313,1.9053697368770115,-0.373907607,Hambantota,2023,6
6/16/23,-2.13101759,1.5872103528292292,1.6140484105326838,1.6842029033967678,0.036463208,0.8719624363337295,0.6074456222243201,0.094240201,0,-1.237059008,2.427783023114803,1.8949965752197724,0.8442757707884606,1.5142649244775643,-1.154782313,1.9053697368770115,-0.373907607,Hambantota,2023,6
6/17/23,-2.13101759,1.4886984148587143,1.3147885871008036,1.4619015968360134,-0.137605586,0.6886062880504074,0.3644932948854249,-0.117773603,0,-1.237059008,2.137048992629262,1.8259212246761392,0.8442757707884606,1.358952345725461,-1.154782313,1.9053697368770115,-0.373907607,Hambantota,2023,6
6/8/23,0.1873009676962863,-2.254755228,-2.276329294,-2.872973881,-1.739038489,-2.428448233,-2.87487107,0.7095973368155918,2.6,0.7557895362147338,-0.011152455,1.2239788842244808,0.9421759779462108,-0.339131849,-0.284524974,0.6826795317592957,4.394081723832928,Hatton,2023,6
6/9/23,0.660427204,-2.747314918,-2.425959206,-2.984124534,-2.365686146,-2.428448233,-2.915363124,0.8259463751720298,3.1,0.044057913,-0.108063798,1.184507255342404,0.8660313723790718,-0.277006817,-0.284524974,0.6826795317592957,4.394081723832928,Hatton,2023,6
6/10/23,0.2819262149637231,-2.501035073,-2.376082569,-2.928549208,-2.052362317,-2.501790692,-2.996347233,1.009519302356633,2.9,0.1864042378559856,0.2795815756383061,1.9344682041018484,0.9095425755602942,-0.173465098,-0.284524974,0.6826795317592957,4.394081723832928,Hatton,2023,6
6/11/23,0.2819262149637231,-2.550291042,-2.326205931,-2.872973881,-1.9827348,-2.355105773,-2.793886961,0.5544652856736738,2.6,0.1864042378559856,-0.075760017,1.3226579564296708,0.9312981771509052,-0.390902708,-0.284524974,0.6826795317592957,4.394081723832928,Hatton,2023,6
6/12/23,0.7550524513009067,-2.64880298,-2.326205931,-2.928549208,-2.330872387,-2.391777003,-2.87487107,0.5234388754452901,9.7,0.1864042378559856,-0.188823251,0.9674132964909864,0.8986647747649886,-0.411611052,-0.284524974,0.6826795317592957,4.394081723832928,Hatton,2023,6
6/13/23,0.660427204,-2.550291042,-2.376082569,-3.039699861,-2.052362317,-2.391777003,-2.996347233,0.014088641,5,0.4710968870353597,0.053455107,1.293054234768113,0.887786974,-0.753298725,-0.284524974,0.6826795317592957,4.394081723832928,Hatton,2023,6
6/14/23,0.3765514622311598,-3.190618639,-2.276329294,-2.928549208,-2.853078769,-2.171749625,-2.87487107,-0.001424564,7.2,0.8981358608044209,0.1019107792304753,1.3226579564296708,0.9421759779462108,-0.774007069,-0.284524974,0.6826795317592957,4.394081723832928,Hatton,2023,6
6/15/23,0.2819262149637231,-2.698058949,-2.326205931,-2.872973881,-2.644196216,-2.318434544,-2.793886961,-0.779670354,2.1,-0.098288411,-0.398797829,0.5825649148907457,0.9856871811274333,-1.053569711,-0.284524974,0.6826795317592957,4.394081723832928,Hatton,2023,6
6/16/23,0.2819262149637231,-2.304011197,-2.326205931,-2.872973881,-1.634597212,-2.428448233,-2.834379015,0.7070118026298928,2,0.1864042378559856,-0.011152455,1.184507255342404,0.9204203763555996,-0.277006817,-0.284524974,0.6826795317592957,4.394081723832928,Hatton,2023,6
6/17/23,0.1873009676962863,-2.747314918,-2.425959206,-3.095275188,-2.783451251,-2.538461922,-3.198807506,-0.179826423,0.7,-0.240634736,-0.011152455,1.4706765647374558,0.9204203763555996,-0.732590381,-0.284524974,0.6826795317592957,4.394081723832928,Hatton,2023,6
6/8/23,0.1873009676962863,1.0946506629766617,2.5118278808283274,2.017654863237897,0.5238558308345936,1.4587021108403606,1.1338423314585966,0.7742356914580575,0.1,-1.094712683,2.718517053600344,0.9378095748294292,0.3003857310231814,1.6695775032296685,3.196524148595147,-0.540014749,-0.400208572,Jaffna,2023,6
6/9/23,-2.178330214,0.8976267870356355,2.5118278808283274,2.017654863237897,0.1757182432371486,1.2753459625570385,0.8503979495632167,1.443889045554002,0,-1.237059008,3.1707699899111854,1.5397519152810883,0.2895079302278758,2.083744379901945,3.196524148595147,-0.540014749,-0.400208572,Jaffna,2023,6
6/10/23,-2.178330214,1.0453946939914045,2.412074606351034,2.0732301898780854,0.4194145545553587,1.2753459625570385,1.0933502769021133,1.2086054346554267,0,-1.237059008,2.766972725347934,1.293054234768113,0.3003857310231814,2.114806895652366,3.196524148595147,-0.540014749,-0.400208572,Jaffna,2023,6
6/11/23,-2.178330214,1.291674538917688,2.561704518066975,2.2399561697986505,0.8371796596722937,1.5320445701536891,1.3363026042410098,1.5628236180961388,0,-1.237059008,2.2985678984545626,0.5825649148907457,0.2786301294325702,2.404723709,3.196524148595147,-0.540014749,-0.400208572,Jaffna,2023,6
6/12/23,0.3765514622311598,1.0946506629766617,2.5118278808283274,2.1288055165182747,0.4890420720748487,1.5320445701536891,1.214826441,1.0870853279275907,3.2,-0.382981061,2.556998147775043,1.3226579564296708,0.3438969342044037,1.949140144983455,3.196524148595147,-0.540014749,-0.400208572,Jaffna,2023,6
6/13/23,0.660427204,1.0946506629766617,2.3621979691123864,2.0732301898780854,0.6979246246333162,1.5320445701536891,1.2958105496845267,1.2654871867407962,3.3,-0.525327385,2.766972725347934,1.1450356264603283,0.3330191334090981,1.855952597732193,3.196524148595147,-0.540014749,-0.400208572,Jaffna,2023,6
6/14/23,0.1873009676962863,1.4394424458734605,2.412074606351034,2.2399561697986505,1.0112484534710162,1.4953733404970242,1.4577787679104568,1.4387179771826046,0.1,-1.094712683,2.153200883211792,0.5825649148907457,0.2786301294325702,2.2597653024876623,3.196524148595147,-0.540014749,-0.400208572,Jaffna,2023,6
6/15/23,-2.178330214,1.4886984148587143,2.561704518066975,2.295531496438838,0.9416209359515264,1.605387029467019,1.4172867133539735,1.5860934257674264,0,-1.237059008,2.2178084455419125,0.4740179354650365,0.1916077230701255,2.446140396990188,3.196524148595147,-0.540014749,-0.400208572,Jaffna,2023,6
6/16/23,-2.178330214,1.5379543838439718,2.711334429782914,2.462257476359403,1.498641076107439,1.8620856370636685,1.7817152043623168,1.379250690911536,0,-1.237059008,2.460086804279863,0.6516402654343783,0.2242411254560423,2.2804736463212767,3.196524148595147,-0.540014749,-0.400208572,Jaffna,2023,6
6/17/23,0.2819262149637231,1.2424185699324324,2.561704518066975,2.1843808431584617,0.5586695895943362,1.568715799810354,1.214826441,-0.652979179,1.2,-0.66767371,2.2985678984545626,0.1878486260699856,0.2677523286372646,1.069035532054867,3.196524148595147,-0.540014749,-0.400208572,Jaffna,2023,6
6/8/23,-2.178330214,2.129026011667054,1.414541861578097,2.2399561697986505,2.2993575275815616,1.7154007184370113,2.389096022709557,1.0922563962989886,0,-1.237059008,-1.109481014,-1.233130014,0.1480965198889032,1.1932855950565502,0.3370901637907336,3.128072168815235,-0.38893673,Kalmunai,2023,6
6/9/23,0.3765514622311598,2.4738177945638493,1.564171773294038,2.295531496438838,2.543053838899774,1.6420582591236814,2.2271278044836267,1.2473884474409058,1,-1.094712683,-0.334190266,-0.729866745,1.148854193057017,1.6281608155624407,0.3370901637907336,3.128072168815235,-0.38893673,Kalmunai,2023,6
6/10/23,-2.178330214,2.3753058565933376,1.6140484105326838,2.406682149719216,2.368985045101052,1.568715799810354,2.267619859,1.371494088,0,-1.237059008,-0.624924297,-0.907489075,0.1589743206842088,1.6178066436456342,0.3370901637907336,3.128072168815235,-0.38893673,Kalmunai,2023,6
6/11/23,-2.178330214,2.129026011667054,1.6639250477713312,2.295531496438838,2.4037988038607967,1.4587021108403606,2.389096022709557,1.296513597,0,-1.237059008,-0.883354546,-1.016036055,-1.342162189,1.338244001891847,0.3370901637907336,3.128072168815235,-0.38893673,Kalmunai,2023,6
6/12/23,0.2819262149637231,2.0797700426817967,1.564171773294038,2.2399561697986505,2.368985045101052,1.7520719480936762,2.389096022709557,1.3559808832402485,0.5,-1.094712683,-0.851050765,-0.838413725,-0.243504309,1.3796606895590744,0.3370901637907336,3.128072168815235,-0.38893673,Kalmunai,2023,6
6/13/23,0.2819262149637231,2.0797700426817967,1.5142951360553905,1.90650421,2.368985045101052,1.788743177750341,2.267619859,0.6113470377590433,0.9,-0.952366359,-0.528012953,-0.522640694,-0.330526715,0.6962853430498176,0.3370901637907336,3.128072168815235,-0.38893673,Kalmunai,2023,6
6/14/23,-2.13101759,1.9812581047112816,1.6639250477713312,2.1843808431584617,2.3341712863413067,1.9720993260336632,2.429588077,0.5648074224164681,0,-1.237059008,-1.303303701,-1.341676993,-0.53720493,0.748056203,0.3370901637907336,3.128072168815235,-0.38893673,Kalmunai,2023,6
6/15/23,-2.178330214,2.0797700426817967,1.9133082339645653,2.351106823079027,2.0556612162633514,2.008770555690325,2.3486039681530766,0.4665571233599205,0,-1.237059008,-0.447253501,-0.907489075,-1.559718205,0.9137229533027628,0.3370901637907336,3.128072168815235,-0.38893673,Kalmunai,2023,6
6/16/23,0.2819262149637231,2.3753058565933376,1.7636783222486243,2.351106823079027,2.473426321380284,2.155455474316985,2.713032459,0.7613080205295641,0.9,-0.952366359,-0.834898875,-0.907489075,-1.875174428,0.9551396409699906,0.3370901637907336,3.128072168815235,-0.38893673,Kalmunai,2023,6
6/17/23,0.2819262149637231,1.833490197755513,1.813554959487272,2.0732301898780854,1.533454834867184,1.5320445701536891,1.9436834225882496,-0.559899948,0.9,-0.952366359,-0.124215689,-0.660791395,-1.559718205,0.2303476067935059,0.3370901637907336,3.128072168815235,-0.38893673,Kalmunai,2023,6
6/8/23,0.660427204,-0.284516469,0.7162689402370401,0.3503950640322476,-0.172419344,0.9819761253037228,0.6074456222243201,-0.69693326,15.8,2.0369064575219173,0.3118853568033661,0.5430932860086691,0.7898867668119327,-0.774007069,-0.657497786,-0.540014749,-0.418994976,Kalutara,2023,6
6/9/23,0.7550524513009067,-0.087492593,0.8160222147143352,0.5171210439528129,-0.137605586,0.945304896,0.6074456222243201,-0.218609436,9.5,2.0369064575219173,0.5703156061238471,0.5134895643471123,0.6811087588588769,-0.390902708,-0.657497786,-0.540014749,-0.418994976,Kalutara,2023,6
6/10/23,0.660427204,0.2572991902272975,0.9656521264302744,0.7949976771537544,0.071276967,1.0919898142737166,0.8908900041196999,0.3114250722180026,7.8,1.6098674837528562,0.844897746,0.7897909665216442,0.8225201691978494,0.064680856,-0.657497786,-0.540014749,-0.418994976,Kalutara,2023,6
6/11/23,0.7550524513009067,-0.186004531,0.6663923029983944,0.4615457173126258,-0.033164309,1.0553185846170514,0.8503979495632167,-0.69693326,8.4,1.7522138083425431,-0.253430814,0.4345463065829607,0.8007645676072384,-0.742944553,-0.657497786,-0.540014749,-0.418994976,Kalutara,2023,6
6/12/23,0.7550524513009067,-0.186004531,0.7162689402370401,0.2392444107518714,0.4194145545553587,1.0186473549603878,0.7289217858937698,-0.515945867,20.5,2.0369064575219173,-0.011152455,0.4740179354650365,0.7354977628354048,-0.701527866,-0.657497786,-0.540014749,-0.418994976,Kalutara,2023,6
6/13/23,0.7550524513009067,0.1587872522567843,0.6165156657597468,0.2948197373920605,0.3149732782761261,0.7986199770204009,0.5669535676678382,-0.347886145,18.1,2.1792527821116043,0.1019107792304753,0.8687342242857965,0.7898867668119327,-0.525506943,-0.657497786,-0.540014749,-0.418994976,Kalutara,2023,6
6/14/23,0.7550524513009067,-0.2352605,0.9656521264302744,0.4615457173126258,-0.172419344,1.128661044,0.8099058950067334,-1.358830012,8.9,1.6098674837528562,0.3441891379684261,0.7207156159780116,0.8225201691978494,-1.229590633,-0.657497786,-0.540014749,-0.418994976,Kalutara,2023,6
6/15/23,0.2819262149637231,0.011019345,1.015528763668922,0.6282716972331891,0.5586695895943362,1.385359651527032,1.052858222,-0.810696764,3.9,1.182828509983795,-0.382645938,-0.058849054,0.7137421612447936,-0.836132101,-0.657497786,-0.540014749,-0.418994976,Kalutara,2023,6
6/16/23,0.3765514622311598,0.2572991902272975,1.2649119498621562,0.9061483304341306,0.3497870370358711,1.2753459625570385,0.9718741132326636,-0.066062919,6,2.1792527821116043,0.9256571989395082,0.6121686365523024,0.757253364,-0.163110926,-0.657497786,-0.540014749,-0.418994976,Kalutara,2023,6
6/17/23,0.2819262149637231,-0.038236624,1.1152820381462152,0.5171210439528129,0.3846007957956137,1.128661044,0.7289217858937698,-0.908947063,3.4,2.0369064575219173,0.3603410285509564,0.3654709560393274,0.7463755636307103,-0.929319648,-0.657497786,-0.540014749,-0.418994976,Kalutara,2023,6
6/8/23,0.2819262149637231,-0.875588096,-0.879783451,-1.094563429,-1.042763313,-0.924927817,-1.174204778,0.3036684696609073,3.1,-0.098288411,0.3441891379684261,1.0068849253730623,0.4200415397715428,-0.152756754,0.212769001,0.6826795317592957,1.4972182297944587,Kandy,2023,6
6/9/23,0.2819262149637231,-0.67856422,-0.929660089,-1.150138755,-0.973135796,-0.998270276,-1.295680942,0.4407017815029339,2.7,0.1864042378559856,0.4249485908810764,1.0759602759166955,0.3874081373856261,0.023264168,0.212769001,0.6826795317592957,1.4972182297944587,Kandy,2023,6
6/10/23,0.2819262149637231,-0.727820189,-0.929660089,-1.038988102,-1.251645866,-1.108283965,-1.336172996,0.7328671444868794,2.5,0.1864042378559856,0.5703156061238471,1.4706765647374558,0.441797141,0.2303476067935059,0.212769001,0.6826795317592957,1.4972182297944587,Kandy,2023,6
6/11/23,0.2819262149637231,-1.023356003,-0.829906814,-1.094563429,-1.14720459,-1.034941506,-1.255188887,-0.187583026,2.3,0.044057913,-0.075760017,0.8983379459473533,0.3874081373856261,-0.411611052,0.212769001,0.6826795317592957,1.4972182297944587,Kandy,2023,6
6/12/23,0.660427204,-1.17112391,-0.829906814,-1.150138755,-1.286459625,-0.924927817,-1.214696833,0.1407798159618941,4.4,0.1864042378559856,0.004999436,0.3654709560393274,0.3656525357950149,-0.277006817,0.212769001,0.6826795317592957,1.4972182297944587,Kandy,2023,6
6/13/23,0.2819262149637231,-1.023356003,-0.879783451,-1.261289409,-1.14720459,-0.961599046,-1.376665051,-0.117773603,3.1,0.044057913,0.1665183415605959,1.0759602759166955,0.3982859381809316,-0.421965224,0.212769001,0.6826795317592957,1.4972182297944587,Kandy,2023,6
6/14/23,0.2819262149637231,-1.17112391,-0.73015354,-1.038988102,-1.356087142,-0.924927817,-1.255188887,-0.094503795,4,0.4710968870353597,0.1988221227256559,0.7601872448600874,0.3656525357950149,-0.370194364,0.212769001,0.6826795317592957,1.4972182297944587,Kandy,2023,6
6/15/23,0.1873009676962863,-0.629308252,-0.73015354,-0.872262122,-0.903508278,-0.924927817,-1.052728615,-0.389254692,0.6,-0.66767371,-0.221127032,0.2273202549520615,0.3547747349997093,-0.40125688,0.212769001,0.6826795317592957,1.4972182297944587,Kandy,2023,6
6/16/23,0.2819262149637231,-0.777076158,-0.879783451,-0.927837449,-0.903508278,-0.998270276,-1.133712724,0.6501300505445233,1.9,0.044057913,0.3764929191334861,1.0463565542551383,0.4309193405668484,0.1785767472094715,0.212769001,0.6826795317592957,1.4972182297944587,Kandy,2023,6
6/17/23,0.1873009676962863,-0.777076158,-0.929660089,-1.205714082,-1.286459625,-0.998270276,-1.376665051,-0.629709371,1.5,0.4710968870353597,0.1826702321431256,0.8983379459473533,0.3982859381809316,-0.587631975,0.212769001,0.6826795317592957,1.4972182297944587,Kandy,2023,6
6/8/23,0.660427204,-0.2352605,0.7162689402370401,0.3503950640322476,-0.172419344,0.8719624363337295,0.6074456222243201,-0.69693326,15.8,2.0369064575219173,0.3118853568033661,0.5430932860086691,0.7898867668119327,-0.774007069,-0.408846137,-0.743807318,-0.351363922,Kesbewa,2023,6
6/9/23,0.7550524513009067,-0.038236624,0.9157754891916284,0.5171210439528129,-0.033164309,0.761948747,0.6479376767808033,-0.218609436,9.5,2.0369064575219173,0.5703156061238471,0.5134895643471123,0.6811087588588769,-0.390902708,-0.408846137,-0.743807318,-0.351363922,Kesbewa,2023,6
6/10/23,0.660427204,0.2572991902272975,0.865898852,0.7949976771537544,0.071276967,1.0186473549603878,0.8908900041196999,0.3114250722180026,7.8,1.6098674837528562,0.844897746,0.7897909665216442,0.8225201691978494,0.054326684,-0.408846137,-0.743807318,-0.351363922,Kesbewa,2023,6
6/11/23,0.7550524513009067,-0.2352605,0.7661455774756877,0.5171210439528129,0.1757182432371486,1.128661044,0.9313820586761832,-0.69693326,8.4,1.7522138083425431,-0.253430814,0.4345463065829607,0.8007645676072384,-0.753298725,-0.408846137,-0.743807318,-0.351363922,Kesbewa,2023,6
6/12/23,0.7550524513009067,-0.087492593,0.7162689402370401,0.2392444107518714,0.6282971071138262,0.9819761253037228,0.7289217858937698,-0.515945867,20.5,2.0369064575219173,-0.011152455,0.4740179354650365,0.7354977628354048,-0.711882038,-0.408846137,-0.743807318,-0.351363922,Kesbewa,2023,6
6/13/23,0.7550524513009067,-0.038236624,0.4668857540438059,0.2948197373920605,0.2105320019968911,0.6519350583937438,0.5669535676678382,-0.347886145,18.1,2.1792527821116043,0.1019107792304753,0.8687342242857965,0.7898867668119327,-0.525506943,-0.408846137,-0.743807318,-0.351363922,Kesbewa,2023,6
6/14/23,0.7550524513009067,-0.136748562,0.9157754891916284,0.5171210439528129,-0.067978068,1.0919898142737166,0.8503979495632167,-1.358830012,8.9,1.6098674837528562,0.3441891379684261,0.7207156159780116,0.8225201691978494,-1.229590633,-0.408846137,-0.743807318,-0.351363922,Kesbewa,2023,6
6/15/23,0.2819262149637231,0.1587872522567843,1.1651586753848628,0.7394223505135673,0.7675521421528038,1.4953733404970242,1.214826441,-0.810696764,3.9,1.182828509983795,-0.382645938,-0.058849054,0.7137421612447936,-0.836132101,-0.408846137,-0.743807318,-0.351363922,Kesbewa,2023,6
6/16/23,0.3765514622311598,0.3558111281978106,1.2150353126235085,0.9617236570743196,0.3846007957956137,1.202003503,0.9718741132326636,-0.066062919,6,2.1792527821116043,0.9256571989395082,0.6121686365523024,0.757253364,-0.069923379,-0.408846137,-0.743807318,-0.351363922,Kesbewa,2023,6
6/17/23,0.2819262149637231,0.011019345,1.1651586753848628,0.5726963705930019,0.3149732782761261,1.202003503,0.7694138404502502,-0.908947063,3.4,2.0369064575219173,0.3603410285509564,0.3654709560393274,0.7463755636307103,-0.908611304,-0.408846137,-0.743807318,-0.351363922,Kesbewa,2023,6
6/8/23,0.660427204,-0.038236624,0.7162689402370401,0.4059703906724367,0.036463208,0.8719624363337295,0.6884297313372866,-0.572827619,12.9,2.0369064575219173,0.2795815756383061,0.5430932860086691,0.5179417469292931,-0.67046535,-0.284524974,-0.743807318,-0.370150326,Kolonnawa,2023,6
6/9/23,0.7550524513009067,0.060275314,0.9157754891916284,0.5726963705930019,0.2105320019968911,0.7986199770204009,0.6884297313372866,-0.133286808,7.3,1.040482185394108,0.6510750590364974,0.4740179354650365,0.441797141,-0.349486021,-0.284524974,-0.743807318,-0.370150326,Kolonnawa,2023,6
6/10/23,0.660427204,0.3065551592125531,0.865898852,0.7949976771537544,0.1757182432371486,1.0553185846170514,0.8908900041196999,0.2571288543183321,6.4,1.040482185394108,0.8125939648617979,0.7601872448600874,0.5505751493152099,0.054326684,-0.284524974,-0.743807318,-0.370150326,Kolonnawa,2023,6
6/11/23,0.660427204,-0.087492593,0.8160222147143352,0.5726963705930019,0.3149732782761261,1.128661044,0.9718741132326636,-0.96841435,4.9,1.325174834573482,-0.318038376,0.2963956054956941,0.4526749421574595,-0.93967382,-0.284524974,-0.743807318,-0.370150326,Kolonnawa,2023,6
6/12/23,0.7550524513009067,0.011019345,0.6663923029983944,0.2948197373920605,0.8719934184320387,0.9086336659903944,0.7289217858937698,-0.557314414,18.8,1.7522138083425431,-0.221127032,0.3358672343777706,0.3874081373856261,-0.732590381,-0.284524974,-0.743807318,-0.370150326,Kolonnawa,2023,6
6/13/23,0.7550524513009067,0.011019345,0.4668857540438059,0.2948197373920605,0.3497870370358711,0.6519350583937438,0.6479376767808033,-0.368570419,17,2.0369064575219173,0.004999436,0.8687342242857965,0.4853083445433763,-0.525506943,-0.284524974,-0.743807318,-0.370150326,Kolonnawa,2023,6
6/14/23,0.660427204,-0.038236624,0.865898852,0.5726963705930019,0.071276967,1.128661044,0.8503979495632167,-0.945144542,7.3,1.4675211591631692,0.1342145603955353,0.5134895643471123,0.4309193405668484,-0.908611304,-0.284524974,-0.743807318,-0.370150326,Kolonnawa,2023,6
6/15/23,0.1873009676962863,0.2572991902272975,1.1651586753848628,0.7949976771537544,0.8371796596722937,1.4953733404970242,1.214826441,-0.707275397,3.2,1.182828509983795,-0.479557282,-0.236471384,0.3656525357950149,-0.72223621,-0.284524974,-0.743807318,-0.370150326,Kolonnawa,2023,6
6/16/23,0.2819262149637231,0.5035790351535812,1.1651586753848628,1.0172989837145088,0.6631108658735712,1.2386747329003736,1.0933502769021133,0.1511219527046883,5.6,2.1792527821116043,0.7964420742792676,0.6911118943164541,0.5614529501105154,0.075035028,-0.284524974,-0.743807318,-0.370150326,Kolonnawa,2023,6
6/17/23,0.1873009676962863,0.1095312832715269,1.1651586753848628,0.5726963705930019,0.4542283133151036,1.2386747329003736,0.8503979495632167,-0.989098623,5,2.0369064575219173,0.1180626698130056,0.2963956054956941,0.5070639461339875,-0.970736336,-0.284524974,-0.743807318,-0.370150326,Kolonnawa,2023,6
6/8/23,0.660427204,0.1095312832715269,0.1676259306119258,0.016943104,0.1409044844774036,0.1018666135437775,-0.12141136,0.08131253,4.1,0.4710968870353597,0.6349231684539671,1.2239788842244808,0.3221413326137926,-0.069923379,0.461411326,0.2750943934835789,0.046907842,Kurunegala,2023,6
6/9/23,0.660427204,0.1587872522567843,0.2175025678505716,-0.038632222,-0.242046862,0.028524154,-0.323871633,0.1433653501475922,4,0.3287505624456726,1.2486950105901091,1.293054234768113,0.3003857310231814,-0.007798347,0.461411326,0.2750943934835789,0.046907842,Kurunegala,2023,6
6/10/23,0.2819262149637231,0.405067097,0.1676259306119258,0.2948197373920605,-0.276860621,-0.008147075,-0.12141136,0.5570508198593729,1.7,-0.098288411,0.9741128706870984,1.293054234768113,0.3330191334090981,0.5927436238817487,0.461411326,0.2750943934835789,0.046907842,Kurunegala,2023,6
6/11/23,0.1873009676962863,-0.087492593,0.4668857540438059,0.1280937574714952,-0.172419344,0.1385378432004411,-0.080919305,-0.63488044,2.7,0.6134432116250468,0.4734042626286666,0.8687342242857965,0.2786301294325702,-0.45302774,0.461411326,0.2750943934835789,0.046907842,Kurunegala,2023,6
6/12/23,0.7550524513009067,-0.136748562,0.2673792050892192,-0.038632222,-0.102791827,0.065195384,-0.12141136,-0.146214479,9.3,0.4710968870353597,0.1988221227256559,0.8687342242857965,0.2677523286372646,-0.235590129,0.461411326,0.2750943934835789,0.046907842,Kurunegala,2023,6
6/13/23,0.660427204,0.011019345,0.2673792050892192,-0.094207549,0.001649449,0.065195384,-0.283379578,-0.084161658,7,0.7557895362147338,0.5380118249587866,1.4312049358553791,0.3003857310231814,-0.111340066,0.461411326,0.2750943934835789,0.046907842,Kurunegala,2023,6
6/14/23,0.2819262149637231,-0.087492593,0.3671324795665125,0.2392444107518714,-0.137605586,0.065195384,-0.080919305,0.078726996,2,-0.098288411,0.6995307307840871,0.8687342242857965,0.2568745278419591,0.1785767472094715,0.461411326,0.2750943934835789,0.046907842,Kurunegala,2023,6
6/15/23,0.1873009676962863,0.3558111281978106,0.5666390285211009,0.4615457173126258,0.2105320019968911,0.1752090728571061,0.1215409675465283,-0.099674863,1.9,0.044057913,0.2634296850557758,0.5825649148907457,0.2459967270466534,0.2407017787103135,0.461411326,0.2750943934835789,0.046907842,Kurunegala,2023,6
6/16/23,0.1873009676962863,0.2572991902272975,0.417009117,0.4615457173126258,0.036463208,0.1752090728571061,0.1215409675465283,0.4122609054602492,1.9,0.8981358608044209,0.9256571989395082,1.1154319047987715,0.3221413326137926,0.4477852170464512,0.461411326,0.2750943934835789,0.046907842,Kurunegala,2023,6
6/17/23,0.2819262149637231,0.2572991902272975,0.2175025678505716,0.072518431,-0.346488138,0.065195384,-0.242887523,-0.939973474,5.5,1.4675211591631692,0.7156826213666174,0.8983379459473533,0.3438969342044037,-0.515152771,0.461411326,0.2750943934835789,0.046907842,Kurunegala,2023,6
6/8/23,0.660427204,0.011019345,0.7661455774756877,0.4615457173126258,0.1757182432371486,1.0186473549603878,0.8099058950067334,-0.572827619,12.9,2.0369064575219173,0.2795815756383061,0.5430932860086691,0.5179417469292931,-0.639402834,-0.160203811,-0.743807318,-0.358878484,Mabole,2023,6
6/9/23,0.7550524513009067,0.1587872522567843,0.9656521264302744,0.5726963705930019,0.2801595195163811,0.8352912066770658,0.7694138404502502,-0.133286808,7.3,1.040482185394108,0.6510750590364974,0.4740179354650365,0.441797141,-0.339131849,-0.160203811,-0.743807318,-0.358878484,Mabole,2023,6
6/10/23,0.660427204,0.3558111281978106,0.9157754891916284,0.8505730037939434,0.1757182432371486,1.165332273587045,0.9313820586761832,0.2571288543183321,6.4,1.040482185394108,0.8125939648617979,0.7601872448600874,0.5505751493152099,0.054326684,-0.160203811,-0.743807318,-0.358878484,Mabole,2023,6
6/11/23,0.660427204,-0.038236624,0.9157754891916284,0.6282716972331891,0.3497870370358711,1.2386747329003736,1.012366167789147,-0.96841435,4.9,1.325174834573482,-0.318038376,0.2963956054956941,0.4526749421574595,-0.929319648,-0.160203811,-0.743807318,-0.358878484,Mabole,2023,6
6/12/23,0.7550524513009067,0.060275314,0.7162689402370401,0.3503950640322476,0.8371796596722937,0.9819761253037228,0.8099058950067334,-0.557314414,18.8,1.7522138083425431,-0.221127032,0.3358672343777706,0.3874081373856261,-0.711882038,-0.160203811,-0.743807318,-0.358878484,Mabole,2023,6
6/13/23,0.7550524513009067,0.1095312832715269,0.6165156657597468,0.4059703906724367,0.4542283133151036,0.7986199770204009,0.7289217858937698,-0.368570419,17,2.0369064575219173,0.004999436,0.8687342242857965,0.4853083445433763,-0.515152771,-0.160203811,-0.743807318,-0.358878484,Mabole,2023,6
6/14/23,0.660427204,-0.038236624,0.9656521264302744,0.6282716972331891,0.1060907257176586,1.2386747329003736,0.9313820586761832,-0.945144542,7.3,1.4675211591631692,0.1342145603955353,0.5134895643471123,0.4309193405668484,-0.93967382,-0.160203811,-0.743807318,-0.358878484,Mabole,2023,6
6/15/23,0.1873009676962863,0.2572991902272975,1.2150353126235085,0.8505730037939434,0.8023659009125488,1.605387029467019,1.2958105496845267,-0.707275397,3.2,1.182828509983795,-0.479557282,-0.236471384,0.3656525357950149,-0.742944553,-0.160203811,-0.743807318,-0.358878484,Mabole,2023,6
6/16/23,0.2819262149637231,0.4543230661683237,1.2649119498621562,1.0728743103546958,0.6631108658735712,1.3486884218703672,1.1338423314585966,0.1511219527046883,5.6,2.1792527821116043,0.7964420742792676,0.6911118943164541,0.5614529501105154,0.075035028,-0.160203811,-0.743807318,-0.358878484,Mabole,2023,6
6/17/23,0.1873009676962863,0.1587872522567843,1.1651586753848628,0.6282716972331891,0.4890420720748487,1.2753459625570385,0.8908900041196999,-0.989098623,5,2.0369064575219173,0.1180626698130056,0.2963956054956941,0.5070639461339875,-0.918965476,-0.160203811,-0.743807318,-0.358878484,Mabole,2023,6
6/8/23,0.660427204,-0.2352605,0.6663923029983944,0.2948197373920605,-0.207233103,0.8352912066770658,0.5669535676678382,-0.69693326,15.8,2.0369064575219173,0.3118853568033661,0.5430932860086691,0.7898867668119327,-0.774007069,-0.408846137,-0.743807318,-0.321305676,Maharagama,2023,6
6/9/23,0.7550524513009067,-0.087492593,0.9157754891916284,0.5171210439528129,-0.067978068,0.7252775177070723,0.6074456222243201,-0.218609436,9.5,2.0369064575219173,0.5703156061238471,0.5134895643471123,0.6811087588588769,-0.40125688,-0.408846137,-0.743807318,-0.321305676,Maharagama,2023,6
6/10/23,0.660427204,0.208043221,0.865898852,0.7949976771537544,0.036463208,0.9819761253037228,0.8503979495632167,0.3114250722180026,7.8,1.6098674837528562,0.844897746,0.7897909665216442,0.8225201691978494,0.054326684,-0.408846137,-0.743807318,-0.321305676,Maharagama,2023,6
6/11/23,0.7550524513009067,-0.2352605,0.7661455774756877,0.5171210439528129,0.1409044844774036,1.0919898142737166,0.8908900041196999,-0.69693326,8.4,1.7522138083425431,-0.253430814,0.4345463065829607,0.8007645676072384,-0.763652897,-0.408846137,-0.743807318,-0.321305676,Maharagama,2023,6
6/12/23,0.7550524513009067,-0.136748562,0.6663923029983944,0.1836690841116843,0.5934833483540812,0.945304896,0.6884297313372866,-0.515945867,20.5,2.0369064575219173,-0.011152455,0.4740179354650365,0.7354977628354048,-0.72223621,-0.408846137,-0.743807318,-0.321305676,Maharagama,2023,6
6/13/23,0.7550524513009067,-0.087492593,0.4668857540438059,0.2948197373920605,0.2105320019968911,0.6519350583937438,0.5669535676678382,-0.347886145,18.1,2.1792527821116043,0.1019107792304753,0.8687342242857965,0.7898867668119327,-0.525506943,-0.408846137,-0.743807318,-0.321305676,Maharagama,2023,6
6/14/23,0.7550524513009067,-0.186004531,0.865898852,0.4615457173126258,-0.102791827,1.0553185846170514,0.8099058950067334,-1.358830012,8.9,1.6098674837528562,0.3441891379684261,0.7207156159780116,0.8225201691978494,-1.229590633,-0.408846137,-0.743807318,-0.321305676,Maharagama,2023,6
6/15/23,0.2819262149637231,0.1095312832715269,1.1651586753848628,0.7394223505135673,0.7327383833930587,1.4587021108403606,1.1743343860150768,-0.810696764,3.9,1.182828509983795,-0.382645938,-0.058849054,0.7137421612447936,-0.836132101,-0.408846137,-0.743807318,-0.321305676,Maharagama,2023,6
6/16/23,0.3765514622311598,0.3558111281978106,1.1651586753848628,0.9617236570743196,0.3497870370358711,1.165332273587045,0.9313820586761832,-0.066062919,6,2.1792527821116043,0.9256571989395082,0.6121686365523024,0.757253364,-0.080277551,-0.408846137,-0.743807318,-0.321305676,Maharagama,2023,6
6/17/23,0.2819262149637231,0.011019345,1.1152820381462152,0.5726963705930019,0.2801595195163811,1.165332273587045,0.7289217858937698,-0.908947063,3.4,2.0369064575219173,0.3603410285509564,0.3654709560393274,0.7463755636307103,-0.908611304,-0.408846137,-0.743807318,-0.321305676,Maharagama,2023,6
6/8/23,-2.13101759,1.0946506629766617,2.16269142,1.795353556677144,0.3497870370358711,0.945304896,0.7694138404502502,1.105184067227481,0,-1.237059008,2.476238694862393,1.5397519152810883,0.3438969342044037,1.8145359100649647,2.201936198557034,-0.540014749,-0.396451292,Mannar,2023,6
6/9/23,-2.13101759,0.8483708180503781,2.013061508441859,1.6286275767565788,-0.172419344,0.8352912066770658,0.4049853494419067,0.7716501572723584,0,-1.237059008,3.073858646416005,2.141694255732748,0.3221413326137926,1.6385149874792475,2.201936198557034,-0.540014749,-0.396451292,Mannar,2023,6
6/10/23,-2.178330214,0.9961387250061486,2.013061508441859,1.795353556677144,0.1757182432371486,0.945304896,0.6479376767808033,1.1594802851271524,0,-1.237059008,2.686213272435284,1.7568458741325066,0.3221413326137926,2.0733902079851383,2.201936198557034,-0.540014749,-0.396451292,Mannar,2023,6
6/11/23,0.1873009676962863,1.143906631961919,2.212568057396445,1.850928883317333,0.4542283133151036,1.202003503,0.9313820586761832,1.3611519516116457,0.1,-1.094712683,2.2662641172895026,1.293054234768113,0.3003857310231814,2.0319735203179103,2.201936198557034,-0.540014749,-0.396451292,Mannar,2023,6
6/12/23,0.1873009676962863,0.7991148490651206,2.013061508441859,1.6842029033967678,0.001649449,1.0919898142737166,0.6884297313372866,0.6682287898444137,0.4,-0.810020034,2.766972725347934,1.8949965752197724,0.3547747349997093,1.400369033392688,2.201936198557034,-0.540014749,-0.396451292,Mannar,2023,6
6/13/23,0.2819262149637231,0.9468827560208912,2.013061508441859,1.6842029033967678,0.1757182432371486,1.0553185846170514,0.6884297313372866,0.6630577214730166,1.9,-0.240634736,2.718517053600344,1.4706765647374558,0.3547747349997093,1.4832024087271434,2.201936198557034,-0.540014749,-0.396451292,Mannar,2023,6
6/14/23,0.1873009676962863,1.291674538917688,2.0629381456805063,1.9620795365977093,0.9068071771917812,1.0553185846170514,1.1743343860150768,1.2603161183693992,0.7,-0.66767371,1.9593781962214312,0.6121686365523024,0.2677523286372646,2.042327692234717,2.201936198557034,-0.540014749,-0.396451292,Mannar,2023,6
6/15/23,-2.178330214,1.4394424458734605,2.0629381456805063,2.017654863237897,0.9416209359515264,1.2753459625570385,1.214826441,1.335296609754659,0,-1.237059008,1.9755300868039616,0.4740179354650365,0.1916077230701255,2.1562235833195937,2.201936198557034,-0.540014749,-0.396451292,Mannar,2023,6
6/16/23,0.1873009676962863,1.5872103528292292,2.212568057396445,2.0732301898780854,1.220131006029484,1.5320445701536891,1.3767946587974902,1.037960178399317,0.4,-1.094712683,2.023985758551552,0.7207156159780116,0.2351189262513479,1.86630677,2.201936198557034,-0.540014749,-0.396451292,Mannar,2023,6
6/17/23,0.1873009676962863,1.0453946939914045,2.212568057396445,1.795353556677144,0.4194145545553587,1.2386747329003736,0.8099058950067334,-0.440965376,0.6,-0.952366359,2.2662641172895026,0.6516402654343783,0.3221413326137926,1.006910500554025,2.201936198557034,-0.540014749,-0.396451292,Mannar,2023,6
6/8/23,0.2819262149637231,0.208043221,0.017996019,0.016943104,-0.102791827,-0.154831994,-0.364363687,0.4975835335883043,2.6,-0.240634736,1.1033279953473385,1.6088272658247216,0.4200415397715428,0.4684935608800655,0.5857324891867286,0.6826795317592957,0.9937426030744134,Matale,2023,6
6/9/23,0.1873009676962863,0.4543230661683237,0.017996019,-0.038632222,-0.242046862,-0.264845683,-0.526331905,0.5053401361453996,1.6,-0.098288411,1.2809987917551693,1.7568458741325066,0.4091637389762372,0.5720352800481344,0.5857324891867286,0.6826795317592957,0.9937426030744134,Matale,2023,6
6/10/23,0.2819262149637231,0.5528350041388369,0.067872656,0.2948197373920605,-0.381301897,-0.264845683,-0.404855742,0.8181897726149336,1.4,-0.525327385,1.1194798859298687,2.141694255732748,0.4309193405668484,1.0793897039716738,0.5857324891867286,0.6826795317592957,0.9937426030744134,Matale,2023,6
6/11/23,0.2819262149637231,0.1095312832715269,0.3172558423278667,0.1280937574714952,-0.416115656,-0.154831994,-0.364363687,-0.068648453,2.9,0.044057913,0.7802901836967374,1.3621295853117463,0.4091637389762372,0.1992850910430858,0.5857324891867286,0.6826795317592957,0.9937426030744134,Matale,2023,6
6/12/23,0.660427204,-0.136748562,0.1676259306119258,-0.038632222,-0.485743173,-0.154831994,-0.404855742,0.2002471022329617,3.5,-0.098288411,0.6349231684539671,1.1450356264603283,0.3874081373856261,0.2303476067935059,0.5857324891867286,0.6826795317592957,0.9937426030744134,Matale,2023,6
6/13/23,0.2819262149637231,-0.038236624,0.1676259306119258,-0.149782876,-0.520556932,-0.228174453,-0.607316014,0.039943983,3,-0.098288411,0.9741128706870984,1.7864495957940634,0.4091637389762372,0.1992850910430858,0.5857324891867286,0.6826795317592957,0.9937426030744134,Matale,2023,6
6/14/23,0.2819262149637231,0.1095312832715269,0.2175025678505716,0.2392444107518714,-0.624998208,-0.191503224,-0.364363687,0.1847338971187702,2,-0.098288411,1.1033279953473385,1.6088272658247216,0.3874081373856261,0.5409727642977143,0.5857324891867286,0.6826795317592957,0.9937426030744134,Matale,2023,6
6/15/23,0.1873009676962863,0.6513469421093517,0.417009117,0.4615457173126258,0.1409044844774036,-0.081489535,-0.12141136,0.068384859,0.5,-0.66767371,0.5541637155413169,0.9378095748294292,0.3656525357950149,0.6548686553825899,0.5857324891867286,0.6826795317592957,0.9937426030744134,Matale,2023,6
6/16/23,0.1873009676962863,0.5035790351535812,0.2673792050892192,0.4059703906724367,-0.137605586,-0.118160764,-0.202395469,0.7483803496010708,0.9,-0.382981061,1.1194798859298687,1.579223544163164,0.4200415397715428,1.0172646724708323,0.5857324891867286,0.6826795317592957,0.9937426030744134,Matale,2023,6
6/17/23,0.1873009676962863,0.405067097,0.1177492933732783,0.016943104,-0.416115656,-0.228174453,-0.485839851,-0.632294906,0.9,-0.098288411,0.8772015271919179,1.3621295853117463,0.3982859381809316,-0.038860863,0.5857324891867286,0.6826795317592957,0.9937426030744134,Matale,2023,6
6/8/23,0.3765514622311598,0.011019345,0.6663923029983944,0.3503950640322476,0.071276967,0.3218939914837632,0.081048913,0.5673929566021672,5.2,2.1792527821116043,1.4748214787455296,1.253582605886037,0.9748093803321276,0.1060975437918227,-1.403434087,0.2750943934835789,-0.392694011,Matara,2023,6
6/9/23,0.2819262149637231,-0.136748562,0.6165156657597468,0.2948197373920605,-0.172419344,0.3952364507970918,-0.040427251,0.487241397,4.9,1.894560133,1.6363403845708302,1.2239788842244808,0.8986647747649886,-0.069923379,-1.403434087,0.2750943934835789,-0.392694011,Matara,2023,6
6/10/23,0.2819262149637231,-0.038236624,0.865898852,0.5726963705930019,-0.311674379,0.6152638287370789,0.2835091857724598,0.756136952,3,1.040482185394108,1.555580932,1.253582605886037,0.9421759779462108,0.3442434978783824,-1.403434087,0.2750943934835789,-0.392694011,Matara,2023,6
6/11/23,0.2819262149637231,-0.284516469,1.1651586753848628,0.5171210439528129,0.036463208,0.9086336659903944,0.445477404,0.3915766319746606,6.2,1.7522138083425431,0.8772015271919179,0.9378095748294292,0.96393158,-0.121694238,-1.403434087,0.2750943934835789,-0.392694011,Matara,2023,6
6/12/23,0.660427204,-0.333772438,0.865898852,0.2948197373920605,-0.311674379,0.5419213694237502,0.2025250766594934,0.4458728498743319,8.2,1.7522138083425431,1.5878847128232398,1.579223544163164,1.0618317866945723,-0.194173442,-1.403434087,0.2750943934835789,-0.392694011,Matara,2023,6
6/13/23,0.660427204,-0.2352605,0.8160222147143352,0.2948197373920605,-0.137605586,0.3218939914837632,0.040556858,0.3708923584890711,8,1.6098674837528562,1.2163912294250492,1.579223544163164,1.018320584,-0.142402582,-1.403434087,0.2750943934835789,-0.392694011,Matara,2023,6
6/14/23,0.7550524513009067,-0.284516469,0.9157754891916284,0.5171210439528129,-0.729439485,0.4319076804537567,0.1620330221030116,0.089069132,5.6,0.4710968870353597,1.862466852726252,1.579223544163164,1.1162207906711004,-0.13204841,-1.403434087,0.2750943934835789,-0.392694011,Matara,2023,6
6/15/23,0.1873009676962863,-0.136748562,1.414541861578097,0.7394223505135673,-0.102791827,1.128661044,0.526461513,-0.316859735,2.2,0.6134432116250468,1.2486950105901091,0.8292625954037207,1.018320584,-0.308069333,-1.403434087,0.2750943934835789,-0.392694011,Matara,2023,6
6/16/23,0.1873009676962863,-0.087492593,1.2649119498621562,0.7394223505135673,-0.555370691,0.6519350583937438,0.2430171312159766,-0.110017,3,1.6098674837528562,1.862466852726252,1.5002802863990123,0.9204203763555996,-0.007798347,-1.403434087,0.2750943934835789,-0.392694011,Matara,2023,6
6/17/23,0.2819262149637231,-0.284516469,1.0654054009075695,0.4615457173126258,-0.659811967,0.4319076804537567,-0.040427251,-0.174655355,6.2,2.1792527821116043,1.7009479469009507,1.293054234768113,0.9204203763555996,-0.256298473,-1.403434087,0.2750943934835789,-0.392694011,Matara,2023,6
6/8/23,0.660427204,-0.186004531,0.7162689402370401,0.3503950640322476,-0.137605586,0.9086336659903944,0.6479376767808033,-0.69693326,15.8,2.0369064575219173,0.3118853568033661,0.5430932860086691,0.7898867668119327,-0.763652897,-0.408846137,-0.743807318,-0.385179449,Moratuwa,2023,6
6/9/23,0.7550524513009067,-0.038236624,0.9656521264302744,0.5726963705930019,0.001649449,0.7986199770204009,0.6884297313372866,-0.218609436,9.5,2.0369064575219173,0.5703156061238471,0.5134895643471123,0.6811087588588769,-0.390902708,-0.408846137,-0.743807318,-0.385179449,Moratuwa,2023,6
6/10/23,0.660427204,0.2572991902272975,0.9157754891916284,0.8505730037939434,0.1060907257176586,1.0553185846170514,0.9313820586761832,0.3114250722180026,7.8,1.6098674837528562,0.844897746,0.7897909665216442,0.8225201691978494,0.064680856,-0.408846137,-0.743807318,-0.385179449,Moratuwa,2023,6
6/11/23,0.7550524513009067,-0.186004531,0.8160222147143352,0.5726963705930019,0.2105320019968911,1.165332273587045,0.9718741132326636,-0.69693326,8.4,1.7522138083425431,-0.253430814,0.4345463065829607,0.8007645676072384,-0.742944553,-0.408846137,-0.743807318,-0.385179449,Moratuwa,2023,6
6/12/23,0.7550524513009067,-0.087492593,0.7162689402370401,0.2392444107518714,0.6631108658735712,1.0186473549603878,0.7694138404502502,-0.515945867,20.5,2.0369064575219173,-0.011152455,0.4740179354650365,0.7354977628354048,-0.711882038,-0.408846137,-0.743807318,-0.385179449,Moratuwa,2023,6
6/13/23,0.7550524513009067,-0.038236624,0.5167623912824534,0.3503950640322476,0.2453457607566361,0.6886062880504074,0.6074456222243201,-0.347886145,18.1,2.1792527821116043,0.1019107792304753,0.8687342242857965,0.7898867668119327,-0.525506943,-0.408846137,-0.743807318,-0.385179449,Moratuwa,2023,6
6/14/23,0.7550524513009067,-0.136748562,0.9157754891916284,0.5171210439528129,-0.033164309,1.128661044,0.8908900041196999,-1.358830012,8.9,1.6098674837528562,0.3441891379684261,0.7207156159780116,0.8225201691978494,-1.229590633,-0.408846137,-0.743807318,-0.385179449,Moratuwa,2023,6
6/15/23,0.2819262149637231,0.1587872522567843,1.2150353126235085,0.7949976771537544,0.8023659009125488,1.5320445701536891,1.2553184951280434,-0.810696764,3.9,1.182828509983795,-0.382645938,-0.058849054,0.7137421612447936,-0.836132101,-0.408846137,-0.743807318,-0.385179449,Moratuwa,2023,6
6/16/23,0.3765514622311598,0.405067097,1.2150353126235085,1.0172989837145088,0.4194145545553587,1.202003503,1.012366167789147,-0.066062919,6,2.1792527821116043,0.9256571989395082,0.6121686365523024,0.757253364,-0.069923379,-0.408846137,-0.743807318,-0.385179449,Moratuwa,2023,6
6/17/23,0.2819262149637231,0.060275314,1.1651586753848628,0.6282716972331891,0.3497870370358711,1.2386747329003736,0.8099058950067334,-0.908947063,3.4,2.0369064575219173,0.3603410285509564,0.3654709560393274,0.7463755636307103,-0.898257132,-0.408846137,-0.743807318,-0.385179449,Moratuwa,2023,6
6/8/23,0.660427204,-0.038236624,0.7162689402370401,0.4059703906724367,0.001649449,0.8719624363337295,0.6884297313372866,-0.69693326,15.8,2.0369064575219173,0.3118853568033661,0.5430932860086691,0.7898867668119327,-0.732590381,-0.284524974,-0.743807318,-0.381422168,Mount Lavinia,2023,6
6/9/23,0.7550524513009067,0.060275314,0.9656521264302744,0.5726963705930019,0.1757182432371486,0.761948747,0.6884297313372866,-0.218609436,9.5,2.0369064575219173,0.5703156061238471,0.5134895643471123,0.6811087588588769,-0.370194364,-0.284524974,-0.743807318,-0.381422168,Mount Lavinia,2023,6
6/10/23,0.660427204,0.3558111281978106,0.865898852,0.8505730037939434,0.1409044844774036,1.128661044,0.9313820586761832,0.3114250722180026,7.8,1.6098674837528562,0.844897746,0.7897909665216442,0.8225201691978494,0.075035028,-0.284524974,-0.743807318,-0.381422168,Mount Lavinia,2023,6
6/11/23,0.7550524513009067,-0.087492593,0.865898852,0.6282716972331891,0.3149732782761261,1.2386747329003736,1.012366167789147,-0.69693326,8.4,1.7522138083425431,-0.253430814,0.4345463065829607,0.8007645676072384,-0.742944553,-0.284524974,-0.743807318,-0.381422168,Mount Lavinia,2023,6
6/12/23,0.7550524513009067,0.011019345,0.7162689402370401,0.2948197373920605,0.7675521421528038,0.945304896,0.8099058950067334,-0.515945867,20.5,2.0369064575219173,-0.011152455,0.4740179354650365,0.7354977628354048,-0.701527866,-0.284524974,-0.743807318,-0.381422168,Mount Lavinia,2023,6
6/13/23,0.7550524513009067,0.011019345,0.4668857540438059,0.3503950640322476,0.3149732782761261,0.6519350583937438,0.6479376767808033,-0.347886145,18.1,2.1792527821116043,0.1019107792304753,0.8687342242857965,0.7898867668119327,-0.504798599,-0.284524974,-0.743807318,-0.381422168,Mount Lavinia,2023,6
6/14/23,0.7550524513009067,-0.038236624,0.9157754891916284,0.5726963705930019,0.071276967,1.128661044,0.9313820586761832,-1.358830012,8.9,1.6098674837528562,0.3441891379684261,0.7207156159780116,0.8225201691978494,-1.20888229,-0.284524974,-0.743807318,-0.381422168,Mount Lavinia,2023,6
6/15/23,0.2819262149637231,0.2572991902272975,1.2150353126235085,0.8505730037939434,0.9068071771917812,1.5320445701536891,1.2958105496845267,-0.810696764,3.9,1.182828509983795,-0.382645938,-0.058849054,0.7137421612447936,-0.825777929,-0.284524974,-0.743807318,-0.381422168,Mount Lavinia,2023,6
6/16/23,0.3765514622311598,0.5035790351535812,1.2150353126235085,1.0172989837145088,0.5586695895943362,1.128661044,1.012366167789147,-0.066062919,6,2.1792527821116043,0.9256571989395082,0.6121686365523024,0.757253364,-0.018152519,-0.284524974,-0.743807318,-0.381422168,Mount Lavinia,2023,6
6/17/23,0.2819262149637231,0.1095312832715269,1.1651586753848628,0.6282716972331891,0.3846007957956137,1.202003503,0.8099058950067334,-0.908947063,3.4,2.0369064575219173,0.3603410285509564,0.3654709560393274,0.7463755636307103,-0.908611304,-0.284524974,-0.743807318,-0.381422168,Mount Lavinia,2023,6
6/8/23,0.660427204,0.1587872522567843,0.9157754891916284,0.5726963705930019,0.3149732782761261,1.202003503,0.9313820586761832,-0.572827619,12.9,2.0369064575219173,0.2795815756383061,0.5430932860086691,0.5179417469292931,-0.639402834,-0.035882649,-0.743807318,-0.400208572,Negombo,2023,6
6/9/23,0.7550524513009067,0.208043221,1.015528763668922,0.6282716972331891,0.3846007957956137,0.945304896,0.8503979495632167,-0.133286808,7.3,1.040482185394108,0.6510750590364974,0.4740179354650365,0.441797141,-0.359840192,-0.035882649,-0.743807318,-0.400208572,Negombo,2023,6
6/10/23,0.660427204,0.405067097,1.015528763668922,0.9061483304341306,0.2105320019968911,1.2753459625570385,1.052858222,0.2571288543183321,6.4,1.040482185394108,0.8125939648617979,0.7601872448600874,0.5505751493152099,0.043972512,-0.035882649,-0.743807318,-0.400208572,Negombo,2023,6
6/11/23,0.660427204,0.011019345,1.015528763668922,0.7394223505135673,0.4194145545553587,1.385359651527032,1.0933502769021133,-0.96841435,4.9,1.325174834573482,-0.318038376,0.2963956054956941,0.4526749421574595,-0.867194616,-0.035882649,-0.743807318,-0.400208572,Negombo,2023,6
6/12/23,0.7550524513009067,0.1095312832715269,0.7661455774756877,0.4059703906724367,0.8023659009125488,1.0919898142737166,0.8908900041196999,-0.557314414,18.8,1.7522138083425431,-0.221127032,0.3358672343777706,0.3874081373856261,-0.72223621,-0.035882649,-0.743807318,-0.400208572,Negombo,2023,6
6/13/23,0.7550524513009067,0.3065551592125531,0.7162689402370401,0.4615457173126258,0.5934833483540812,1.0186473549603878,0.8503979495632167,-0.368570419,17,2.0369064575219173,0.004999436,0.8687342242857965,0.4853083445433763,-0.494444427,-0.035882649,-0.743807318,-0.400208572,Negombo,2023,6
6/14/23,0.660427204,-0.038236624,0.9656521264302744,0.6838470238733781,0.1409044844774036,1.312017192213702,1.052858222,-0.945144542,7.3,1.4675211591631692,0.1342145603955353,0.5134895643471123,0.4309193405668484,-0.93967382,-0.035882649,-0.743807318,-0.400208572,Negombo,2023,6
6/15/23,0.1873009676962863,0.2572991902272975,1.2649119498621562,0.9617236570743196,0.7675521421528038,1.7520719480936762,1.3767946587974902,-0.707275397,3.2,1.182828509983795,-0.479557282,-0.236471384,0.3656525357950149,-0.711882038,-0.035882649,-0.743807318,-0.400208572,Negombo,2023,6
6/16/23,0.2819262149637231,0.405067097,1.414541861578097,1.1284496369948849,0.6631108658735712,1.4587021108403606,1.2553184951280434,0.1511219527046883,5.6,2.1792527821116043,0.7964420742792676,0.6911118943164541,0.5614529501105154,0.075035028,-0.035882649,-0.743807318,-0.400208572,Negombo,2023,6
6/17/23,0.1873009676962863,0.208043221,1.2150353126235085,0.7394223505135673,0.5238558308345936,1.385359651527032,0.9718741132326636,-0.989098623,5,2.0369064575219173,0.1180626698130056,0.2963956054956941,0.5070639461339875,-0.918965476,-0.035882649,-0.743807318,-0.400208572,Negombo,2023,6
6/8/23,0.660427204,-0.087492593,0.417009117,0.2392444107518714,0.1409044844774036,0.6519350583937438,0.526461513,-0.572827619,12.9,2.0369064575219173,0.2795815756383061,0.5430932860086691,0.5179417469292931,-0.680819522,-0.284524974,-0.540014749,-0.34384936,Oruwala,2023,6
6/9/23,0.7550524513009067,0.1095312832715269,0.5167623912824534,0.2948197373920605,0.2105320019968911,0.6519350583937438,0.445477404,-0.133286808,7.3,1.040482185394108,0.6510750590364974,0.4740179354650365,0.441797141,-0.390902708,-0.284524974,-0.540014749,-0.34384936,Oruwala,2023,6
6/10/23,0.660427204,0.3065551592125531,0.6165156657597468,0.5171210439528129,0.1060907257176586,0.8352912066770658,0.6479376767808033,0.2571288543183321,6.4,1.040482185394108,0.8125939648617979,0.7601872448600874,0.5505751493152099,0.012909997,-0.284524974,-0.540014749,-0.34384936,Oruwala,2023,6
6/11/23,0.660427204,-0.2352605,0.6165156657597468,0.3503950640322476,0.3149732782761261,0.945304896,0.7289217858937698,-0.96841435,4.9,1.325174834573482,-0.318038376,0.2963956054956941,0.4526749421574595,-0.960382164,-0.284524974,-0.540014749,-0.34384936,Oruwala,2023,6
6/12/23,0.7550524513009067,0.060275314,0.4668857540438059,0.1280937574714952,0.7675521421528038,0.8352912066770658,0.6074456222243201,-0.557314414,18.8,1.7522138083425431,-0.221127032,0.3358672343777706,0.3874081373856261,-0.732590381,-0.284524974,-0.540014749,-0.34384936,Oruwala,2023,6
6/13/23,0.7550524513009067,-0.038236624,0.3671324795665125,0.1836690841116843,0.4194145545553587,0.5052501397670853,0.4859694585548732,-0.368570419,17,2.0369064575219173,0.004999436,0.8687342242857965,0.4853083445433763,-0.525506943,-0.284524974,-0.540014749,-0.34384936,Oruwala,2023,6
6/14/23,0.660427204,-0.087492593,0.7162689402370401,0.3503950640322476,0.036463208,0.945304896,0.6479376767808033,-0.945144542,7.3,1.4675211591631692,0.1342145603955353,0.5134895643471123,0.4309193405668484,-0.950027992,-0.284524974,-0.540014749,-0.34384936,Oruwala,2023,6
6/15/23,0.1873009676962863,0.2572991902272975,0.7661455774756877,0.5726963705930019,0.8371796596722937,1.0553185846170514,0.9313820586761832,-0.707275397,3.2,1.182828509983795,-0.479557282,-0.236471384,0.3656525357950149,-0.732590381,-0.284524974,-0.540014749,-0.34384936,Oruwala,2023,6
6/16/23,0.2819262149637231,0.6020909731240943,0.7661455774756877,0.7949976771537544,0.6979246246333162,0.8352912066770658,0.8099058950067334,0.1511219527046883,5.6,2.1792527821116043,0.7964420742792676,0.6911118943164541,0.5614529501105154,0.054326684,-0.284524974,-0.540014749,-0.34384936,Oruwala,2023,6
6/17/23,0.1873009676962863,0.1587872522567843,0.6165156657597468,0.3503950640322476,0.5934833483540812,0.8352912066770658,0.6479376767808033,-0.989098623,5,2.0369064575219173,0.1180626698130056,0.2963956054956941,0.5070639461339875,-1.001798851,-0.284524974,-0.540014749,-0.34384936,Oruwala,2023,6
6/8/23,0.660427204,0.060275314,0.017996019,-0.149782876,0.2105320019968911,-0.081489535,-0.242887523,0.08131253,4.1,0.4710968870353597,0.6349231684539671,1.2239788842244808,0.3221413326137926,-0.214881786,0.3370901637907336,0.071367034,0.050665123,Pothuhera,2023,6
6/9/23,0.660427204,0.011019345,0.067872656,-0.260933529,-0.207233103,-0.118160764,-0.445347796,0.1433653501475922,4,0.3287505624456726,1.2486950105901091,1.293054234768113,0.3003857310231814,-0.173465098,0.3370901637907336,0.071367034,0.050665123,Pothuhera,2023,6
6/10/23,0.2819262149637231,0.2572991902272975,0.017996019,0.1280937574714952,-0.416115656,-0.081489535,-0.242887523,0.5570508198593729,1.7,-0.098288411,0.9741128706870984,1.293054234768113,0.3330191334090981,0.4374310451296445,0.3370901637907336,0.071367034,0.050665123,Pothuhera,2023,6
6/11/23,0.1873009676962863,-0.333772438,0.3172558423278667,-0.094207549,-0.311674379,0.028524154,-0.202395469,-0.63488044,2.7,0.6134432116250468,0.4734042626286666,0.8687342242857965,0.2786301294325702,-0.608340318,0.3370901637907336,0.071367034,0.050665123,Pothuhera,2023,6
6/12/23,0.7550524513009067,-0.186004531,0.067872656,-0.260933529,-0.137605586,-0.081489535,-0.283379578,-0.146214479,9.3,0.4710968870353597,0.1988221227256559,0.8687342242857965,0.2677523286372646,-0.411611052,0.3370901637907336,0.071367034,0.050665123,Pothuhera,2023,6
6/13/23,0.660427204,0.060275314,0.067872656,-0.316508856,0.1409044844774036,-0.191503224,-0.445347796,-0.084161658,7,0.7557895362147338,0.5380118249587866,1.4312049358553791,0.3003857310231814,-0.287360989,0.3370901637907336,0.071367034,0.050665123,Pothuhera,2023,6
6/14/23,0.2819262149637231,-0.186004531,0.2175025678505716,0.1280937574714952,-0.137605586,-0.044818305,-0.161903414,0.078726996,2,-0.098288411,0.6995307307840871,0.8687342242857965,0.2568745278419591,0.023264168,0.3370901637907336,0.071367034,0.050665123,Pothuhera,2023,6
6/15/23,0.1873009676962863,0.1095312832715269,0.3671324795665125,0.2392444107518714,0.1409044844774036,0.065195384,0.040556858,-0.099674863,1.9,0.044057913,0.2634296850557758,0.5825649148907457,0.2459967270466534,-0.018152519,0.3370901637907336,0.071367034,0.050665123,Pothuhera,2023,6
6/16/23,0.1873009676962863,0.1587872522567843,0.3671324795665125,0.2948197373920605,0.036463208,0.065195384,6.480387708004871e-05,0.4122609054602492,1.9,0.8981358608044209,0.9256571989395082,1.1154319047987715,0.3221413326137926,0.3338893259615757,0.3370901637907336,0.071367034,0.050665123,Pothuhera,2023,6
6/17/23,0.2819262149637231,0.011019345,0.067872656,-0.205358202,-0.381301897,-0.118160764,-0.404855742,-0.939973474,5.5,1.4675211591631692,0.7156826213666174,0.8983379459473533,0.3438969342044037,-0.732590381,0.3370901637907336,0.071367034,0.050665123,Pothuhera,2023,6
6/8/23,0.2819262149637231,0.5035790351535812,1.5142951360553905,1.239600290275261,0.6282971071138262,1.2753459625570385,1.012366167789147,0.3502080850034825,2.3,0.1864042378559856,1.1356317765123989,1.677902616368354,0.4309193405668484,0.4581393889632588,1.0830264642057852,-0.947534678,-0.418994976,Puttalam,2023,6
6/9/23,0.1873009676962863,0.3065551592125531,1.5142951360553905,1.1284496369948849,-0.102791827,1.2753459625570385,0.7694138404502502,0.138194282,2.8,0.8981358608044209,1.6363403845708302,1.6088272658247216,0.4091637389762372,0.3649518417119958,1.0830264642057852,-0.947534678,-0.418994976,Puttalam,2023,6
6/10/23,0.1873009676962863,0.5035790351535812,1.713801685009977,1.3507509435556373,0.2801595195163811,1.385359651527032,0.9313820586761832,0.8233608409863308,1,-0.525327385,1.6201884939883004,1.8259212246761392,0.4309193405668484,0.9551396409699906,1.0830264642057852,-0.947534678,-0.418994976,Puttalam,2023,6
6/11/23,0.660427204,0.5035790351535812,1.7636783222486243,1.2951756169154502,0.4890420720748487,1.4953733404970242,1.0933502769021133,-0.011766701,3.8,0.3287505624456726,0.94180909,1.184507255342404,0.3874081373856261,0.2510559506271203,1.0830264642057852,-0.947534678,-0.418994976,Puttalam,2023,6
6/12/23,0.7550524513009067,0.2572991902272975,1.414541861578097,1.0728743103546958,0.3497870370358711,1.3486884218703672,0.9313820586761832,0.073555927,7.7,0.7557895362147338,0.5864674967063769,1.253582605886037,0.3874081373856261,0.1371600595422438,1.0830264642057852,-0.947534678,-0.418994976,Puttalam,2023,6
6/13/23,0.2819262149637231,0.4543230661683237,1.2649119498621562,1.0728743103546958,0.3149732782761261,1.0553185846170514,0.8099058950067334,0.2364445808327426,3.1,0.3287505624456726,1.2486950105901091,1.3226579564296708,0.4200415397715428,0.4684935608800655,1.0830264642057852,-0.947534678,-0.418994976,Puttalam,2023,6
6/14/23,0.2819262149637231,0.4543230661683237,1.713801685009977,1.2951756169154502,0.2105320019968911,1.385359651527032,1.052858222,0.4148464396459482,2.3,0.4710968870353597,1.3133025729202292,1.293054234768113,0.3874081373856261,0.5099102485472933,1.0830264642057852,-0.947534678,-0.418994976,Puttalam,2023,6
6/15/23,0.2819262149637231,0.7991148490651206,1.713801685009977,1.4619015968360134,0.6631108658735712,1.6420582591236814,1.2553184951280434,0.3708923584890711,2.1,-0.382981061,0.8287458554443277,0.6516402654343783,0.3438969342044037,0.6445144834657831,1.0830264642057852,-0.947534678,-0.418994976,Puttalam,2023,6
6/16/23,0.1873009676962863,0.6513469421093517,1.8634315967259176,1.4619015968360134,0.7327383833930587,1.4953733404970242,1.2958105496845267,0.3424514824463863,1.3,0.4710968870353597,1.0387204330172184,1.1450356264603283,0.4309193405668484,0.551326936,1.0830264642057852,-0.947534678,-0.418994976,Puttalam,2023,6
6/17/23,0.1873009676962863,0.4543230661683237,1.8634315967259176,1.239600290275261,0.001649449,1.385359651527032,0.8099058950067334,-0.898604927,1.5,0.4710968870353597,1.232543120007579,1.2239788842244808,0.4961861453386819,-0.111340066,1.0830264642057852,-0.947534678,-0.418994976,Puttalam,2023,6
6/8/23,0.660427204,-0.333772438,-0.231387167,-0.538810162,-0.137605586,0.028524154,-0.161903414,-0.526288004,9.7,2.0369064575219173,0.2149740133081856,0.5430932860086691,1.0509539858992667,-0.846486273,-0.408846137,0.071367034,-0.317548395,Ratnapura,2023,6
6/9/23,0.660427204,-0.432284376,-0.331140442,-0.594385489,-0.033164309,0.028524154,-0.242887523,-0.22119497,8.4,1.4675211591631692,0.2311259038907158,0.5134895643471123,0.9204203763555996,-0.67046535,-0.408846137,0.071367034,-0.317548395,Ratnapura,2023,6
6/10/23,0.660427204,-0.186004531,-0.18151053,-0.372084182,-0.137605586,0.2852227618270996,6.480387708004871e-05,0.4768992601027148,5.8,1.4675211591631692,0.6349231684539671,0.9378095748294292,1.1162207906711004,-0.173465098,-0.408846137,0.071367034,-0.317548395,Ratnapura,2023,6
6/11/23,0.660427204,-0.629308252,-0.281263805,-0.483234836,-0.137605586,0.2118803025137697,6.480387708004871e-05,-0.25222138,9.2,2.0369064575219173,-0.350342157,0.4345463065829607,1.148854193057017,-0.639402834,-0.408846137,0.071367034,-0.317548395,Ratnapura,2023,6
6/12/23,0.7550524513009067,-0.481540345,-0.131633893,-0.483234836,0.071276967,0.3218939914837632,0.081048913,-0.241879244,16.2,1.6098674837528562,-0.124215689,0.5134895643471123,1.148854193057017,-0.649757006,-0.408846137,0.071367034,-0.317548395,Ratnapura,2023,6
6/13/23,0.7550524513009067,-0.333772438,-0.281263805,-0.594385489,0.2105320019968911,0.1018666135437775,-0.202395469,-0.182411957,13.4,2.0369064575219173,-0.059608127,0.7601872448600874,1.0835873882851834,-0.597986147,-0.408846137,0.071367034,-0.317548395,Ratnapura,2023,6
6/14/23,0.7550524513009067,-1.023356003,-0.131633893,-0.538810162,-0.833880761,0.3952364507970918,-0.080919305,-1.257994179,8.4,1.040482185394108,0.2472777944732461,0.6121686365523024,1.2141209978288503,-1.353840696,-0.408846137,0.071367034,-0.317548395,Ratnapura,2023,6
6/15/23,0.2819262149637231,-0.481540345,-0.18151053,-0.427659509,-0.102791827,0.1018666135437775,0.040556858,-0.947730076,4.2,1.182828509983795,-0.204975142,0.1187732755263523,1.1597319938523225,-1.043215539,-0.408846137,0.071367034,-0.317548395,Ratnapura,2023,6
6/16/23,0.2819262149637231,0.060275314,-0.131633893,-0.205358202,0.4890420720748487,0.2118803025137697,0.040556858,-0.278076722,6.6,2.1792527821116043,0.5218599343762569,0.6121686365523024,0.96393158,-0.649757006,-0.408846137,0.071367034,-0.317548395,Ratnapura,2023,6
6/17/23,0.2819262149637231,-0.383028407,-0.18151053,-0.483234836,-0.137605586,0.028524154,-0.161903414,-0.792598025,4.4,1.894560133,0.2149740133081856,0.2963956054956941,0.9748093803321276,-0.991444679,-0.408846137,0.071367034,-0.317548395,Ratnapura,2023,6
6/8/23,0.660427204,-0.038236624,0.7162689402370401,0.4059703906724367,0.071276967,0.9086336659903944,0.7289217858937698,-0.572827619,12.9,2.0369064575219173,0.2795815756383061,0.5430932860086691,0.5179417469292931,-0.67046535,-0.284524974,-0.743807318,-0.392694011,Sri Jayewardenepura Kotte,2023,6
6/9/23,0.7550524513009067,0.060275314,0.9656521264302744,0.5726963705930019,0.2453457607566361,0.7986199770204009,0.7289217858937698,-0.133286808,7.3,1.040482185394108,0.6510750590364974,0.4740179354650365,0.441797141,-0.349486021,-0.284524974,-0.743807318,-0.392694011,Sri Jayewardenepura Kotte,2023,6
6/10/23,0.660427204,0.3558111281978106,0.865898852,0.8505730037939434,0.1757182432371486,1.0553185846170514,0.8908900041196999,0.2571288543183321,6.4,1.040482185394108,0.8125939648617979,0.7601872448600874,0.5505751493152099,0.054326684,-0.284524974,-0.743807318,-0.392694011,Sri Jayewardenepura Kotte,2023,6
6/11/23,0.660427204,-0.087492593,0.865898852,0.6282716972331891,0.3497870370358711,1.165332273587045,1.012366167789147,-0.96841435,4.9,1.325174834573482,-0.318038376,0.2963956054956941,0.4526749421574595,-0.93967382,-0.284524974,-0.743807318,-0.392694011,Sri Jayewardenepura Kotte,2023,6
6/12/23,0.7550524513009067,0.011019345,0.7162689402370401,0.2948197373920605,0.8719934184320387,0.945304896,0.7694138404502502,-0.557314414,18.8,1.7522138083425431,-0.221127032,0.3358672343777706,0.3874081373856261,-0.72223621,-0.284524974,-0.743807318,-0.392694011,Sri Jayewardenepura Kotte,2023,6
6/13/23,0.7550524513009067,0.011019345,0.4668857540438059,0.3503950640322476,0.3497870370358711,0.6519350583937438,0.6479376767808033,-0.368570419,17,2.0369064575219173,0.004999436,0.8687342242857965,0.4853083445433763,-0.525506943,-0.284524974,-0.743807318,-0.392694011,Sri Jayewardenepura Kotte,2023,6
6/14/23,0.660427204,-0.038236624,0.9157754891916284,0.5726963705930019,0.1060907257176586,1.165332273587045,0.8908900041196999,-0.945144542,7.3,1.4675211591631692,0.1342145603955353,0.5134895643471123,0.4309193405668484,-0.908611304,-0.284524974,-0.743807318,-0.392694011,Sri Jayewardenepura Kotte,2023,6
6/15/23,0.1873009676962863,0.2572991902272975,1.2150353126235085,0.8505730037939434,0.8719934184320387,1.4953733404970242,1.2553184951280434,-0.707275397,3.2,1.182828509983795,-0.479557282,-0.236471384,0.3656525357950149,-0.72223621,-0.284524974,-0.743807318,-0.392694011,Sri Jayewardenepura Kotte,2023,6
6/16/23,0.2819262149637231,0.5035790351535812,1.2150353126235085,1.0172989837145088,0.6979246246333162,1.2753459625570385,1.0933502769021133,0.1511219527046883,5.6,2.1792527821116043,0.7964420742792676,0.6911118943164541,0.5614529501105154,0.0853892,-0.284524974,-0.743807318,-0.392694011,Sri Jayewardenepura Kotte,2023,6
6/17/23,0.1873009676962863,0.1095312832715269,1.1651586753848628,0.6282716972331891,0.4890420720748487,1.2753459625570385,0.8908900041196999,-0.989098623,5,2.0369064575219173,0.1180626698130056,0.2963956054956941,0.5070639461339875,-0.970736336,-0.284524974,-0.743807318,-0.392694011,Sri Jayewardenepura Kotte,2023,6
6/8/23,0.1873009676962863,2.720097639490133,1.813554959487272,2.1288055165182747,1.3245722823087165,0.4319076804537567,0.7289217858937698,0.8130187042435365,0.2,-0.952366359,2.2824160078720324,1.1450356264603283,0.6702309580635712,2.808536414078429,1.828962143005698,1.9053697368770115,-0.392694011,Trincomalee,2023,6
6/9/23,-2.178330214,2.6215857015196216,1.6639250477713312,2.1288055165182747,1.1156897297502488,0.3952364507970918,0.6074456222243201,1.0560589176992077,0,-1.237059008,2.2985678984545626,1.293054234768113,0.6375975556776545,3.0363281962481814,1.828962143005698,1.9053697368770115,-0.392694011,Trincomalee,2023,6
6/10/23,-2.178330214,2.818609577460648,1.6639250477713312,2.295531496438838,1.220131006029484,0.3585652211404281,0.7694138404502502,1.376665156725837,0,-1.237059008,2.0401376491340817,1.0068849253730623,0.626719755,3.4919117605876866,1.828962143005698,1.9053697368770115,-0.392694011,Trincomalee,2023,6
6/11/23,0.1873009676962863,2.818609577460648,1.813554959487272,2.295531496438838,1.3941997998282063,0.761948747,1.052858222,1.4232047720684122,0.1,-1.094712683,1.733251728066011,0.4740179354650365,0.6484753564729602,3.1916407750002858,1.828962143005698,1.9053697368770115,-0.392694011,Trincomalee,2023,6
6/12/23,0.1873009676962863,1.9812581047112816,1.564171773294038,2.017654863237897,0.8023659009125488,0.6152638287370789,0.7289217858937698,0.8931702640001936,0.2,-1.094712683,2.427783023114803,1.4016012141938223,0.626719755,2.6428696634095186,1.828962143005698,1.9053697368770115,-0.392694011,Trincomalee,2023,6
6/13/23,-2.13101759,2.3753058565933376,1.5142951360553905,2.017654863237897,0.8023659009125488,0.4685789101104217,0.6884297313372866,0.6630577214730166,0,-1.237059008,2.589301928940104,1.7864495957940634,0.6158419540870433,2.6118071476590985,1.828962143005698,1.9053697368770115,-0.392694011,Trincomalee,2023,6
6/14/23,0.1873009676962863,2.9663774844164164,1.6140484105326838,2.351106823079027,1.6378961111464163,0.4685789101104217,1.1338423314585966,0.9345388109713716,0.3,-1.094712683,2.169352773794322,0.9378095748294292,0.626719755,2.694640522993553,1.828962143005698,1.9053697368770115,-0.392694011,Trincomalee,2023,6
6/15/23,-2.13101759,2.9171215154311625,1.813554959487272,2.517832802999592,1.881592422464629,0.6886062880504074,1.2553184951280434,0.4303596447601396,0,-1.237059008,1.5717328222407103,0.3358672343777706,0.6375975556776545,2.487557084657415,1.828962143005698,1.9053697368770115,-0.392694011,Trincomalee,2023,6
6/16/23,0.1873009676962863,3.064889422386932,1.8634315967259176,2.462257476359403,1.7075236286659063,0.6886062880504074,1.1338423314585966,1.2241186397696182,0.3,-0.952366359,2.088593320881672,0.8983379459473533,0.626719755,3.119161571582637,1.828962143005698,1.9053697368770115,-0.392694011,Trincomalee,2023,6
6/17/23,0.1873009676962863,1.9812581047112816,1.8634315967259176,2.017654863237897,0.3846007957956137,0.5419213694237502,0.5669535676678382,-1.131303003,0.3,-0.810020034,2.2985678984545626,1.0068849253730623,0.626719755,1.4624940648935298,1.828962143005698,1.9053697368770115,-0.392694011,Trincomalee,2023,6
6/8/23,0.3765514622311598,0.011019345,0.6663923029983944,0.3503950640322476,0.071276967,0.3218939914837632,0.081048913,0.5673929566021672,5.2,2.1792527821116043,1.4748214787455296,1.253582605886037,0.9748093803321276,0.1060975437918227,-1.403434087,0.2750943934835789,-0.400208572,Weligama,2023,6
6/9/23,0.2819262149637231,-0.087492593,0.6663923029983944,0.2948197373920605,-0.172419344,0.3952364507970918,-0.040427251,0.487241397,4.9,1.894560133,1.6363403845708302,1.2239788842244808,0.8986647747649886,-0.069923379,-1.403434087,0.2750943934835789,-0.400208572,Weligama,2023,6
6/10/23,0.2819262149637231,0.011019345,0.9157754891916284,0.6282716972331891,-0.311674379,0.6519350583937438,0.3240012403289417,0.756136952,3,1.040482185394108,1.555580932,1.253582605886037,0.9421759779462108,0.3442434978783824,-1.403434087,0.2750943934835789,-0.400208572,Weligama,2023,6
6/11/23,0.2819262149637231,-0.2352605,1.2150353126235085,0.5726963705930019,0.036463208,0.9086336659903944,0.445477404,0.3915766319746606,6.2,1.7522138083425431,0.8772015271919179,0.9378095748294292,0.96393158,-0.121694238,-1.403434087,0.2750943934835789,-0.400208572,Weligama,2023,6
6/12/23,0.660427204,-0.284516469,0.865898852,0.3503950640322476,-0.311674379,0.5419213694237502,0.2025250766594934,0.4458728498743319,8.2,1.7522138083425431,1.5878847128232398,1.579223544163164,1.0618317866945723,-0.194173442,-1.403434087,0.2750943934835789,-0.400208572,Weligama,2023,6
6/13/23,0.660427204,-0.186004531,0.8160222147143352,0.2948197373920605,-0.137605586,0.3218939914837632,0.040556858,0.3708923584890711,8,1.6098674837528562,1.2163912294250492,1.579223544163164,1.018320584,-0.142402582,-1.403434087,0.2750943934835789,-0.400208572,Weligama,2023,6
6/14/23,0.7550524513009067,-0.2352605,0.9157754891916284,0.5726963705930019,-0.729439485,0.4319076804537567,0.2025250766594934,0.089069132,5.6,0.4710968870353597,1.862466852726252,1.579223544163164,1.1162207906711004,-0.13204841,-1.403434087,0.2750943934835789,-0.400208572,Weligama,2023,6
6/15/23,0.1873009676962863,-0.136748562,1.4644184988167428,0.7949976771537544,-0.067978068,1.165332273587045,0.526461513,-0.316859735,2.2,0.6134432116250468,1.2486950105901091,0.8292625954037207,1.018320584,-0.308069333,-1.403434087,0.2750943934835789,-0.400208572,Weligama,2023,6
6/16/23,0.1873009676962863,-0.087492593,1.2649119498621562,0.7949976771537544,-0.555370691,0.6519350583937438,0.2430171312159766,-0.110017,3,1.6098674837528562,1.862466852726252,1.5002802863990123,0.9204203763555996,-0.007798347,-1.403434087,0.2750943934835789,-0.400208572,Weligama,2023,6
6/17/23,0.2819262149637231,-0.2352605,1.0654054009075695,0.4615457173126258,-0.659811967,0.4319076804537567,-0.040427251,-0.174655355,6.2,2.1792527821116043,1.7009479469009507,1.293054234768113,0.9204203763555996,-0.245944301,-1.403434087,0.2750943934835789,-0.400208572,Weligama,2023,6